Timestamp;Offset;Event;Path
2023-02-19 21:15:06.845672;12;"LOOKUP SENT";P1-P2
2023-02-19 21:15:06.845792;12;"LOOKUP SENT";P1-P3
2023-02-19 21:15:12.377350;18;"LOOKUP SENT";P2-P4
2023-02-19 21:15:12.377530;18;"LOOKUP SENT";P2-P1
2023-02-19 21:15:17.820637;23;"LOOKUP SENT";P4-P2
2023-02-19 21:15:17.821655;23;"LOOKUP SENT";P4-P1
2023-02-19 21:15:17.821899;23;"LOOKUP SENT";P4-P3
2023-02-19 21:15:20.089537;25;"LOOKUP SENT";P3-P2
2023-02-19 21:15:20.089635;25;"LOOKUP SENT";P3-P4
2023-02-19 21:15:20.089672;25;"LOOKUP SENT";P3-P1
2023-02-19 21:15:20.857639;26;"LOOKUP SENT";P1-P4
2023-02-19 21:15:20.857940;26;"LOOKUP SENT";P1-P2
2023-02-19 21:15:20.857979;26;"LOOKUP SENT";P1-P3
2023-02-19 21:15:23.831123;29;"LOOKUP SENT";P4-P2
2023-02-19 21:15:23.831226;29;"LOOKUP SENT";P4-P1
2023-02-19 21:15:23.831262;29;"LOOKUP SENT";P4-P3
2023-02-19 21:15:26.382592;32;"LOOKUP SENT";P2-P4
2023-02-19 21:15:26.382698;32;"LOOKUP SENT";P2-P3
2023-02-19 21:15:26.382734;32;"LOOKUP SENT";P2-P1
2023-02-19 21:15:32.387549;38;"LOOKUP SENT";P2-P4
2023-02-19 21:15:32.387894;38;"LOOKUP SENT";P2-P3
2023-02-19 21:15:32.387940;38;"LOOKUP SENT";P2-P1
2023-02-19 21:15:33.838326;39;"LOOKUP SENT";P4-P2
2023-02-19 21:15:33.838432;39;"LOOKUP SENT";P4-P1
2023-02-19 21:15:33.838468;39;"LOOKUP SENT";P4-P3
2023-02-19 21:15:34.103006;39;"LOOKUP SENT";P3-P2
2023-02-19 21:15:34.103116;39;"LOOKUP SENT";P3-P4
2023-02-19 21:15:34.103152;39;"LOOKUP SENT";P3-P1
2023-02-19 21:15:35.870393;41;"LOOKUP SENT";P1-P4
2023-02-19 21:15:35.870581;41;"LOOKUP SENT";P1-P2
2023-02-19 21:15:35.870641;41;"LOOKUP SENT";P1-P3
2023-02-19 21:15:39.396319;45;"LOOKUP SENT";P2-P4
2023-02-19 21:15:39.396481;45;"LOOKUP SENT";P2-P3
2023-02-19 21:15:39.396547;45;"LOOKUP SENT";P2-P1
2023-02-19 21:15:46.114654;51;"LOOKUP SENT";P3-P2
2023-02-19 21:15:46.114693;51;"LOOKUP SENT";P3-P4
2023-02-19 21:15:46.115118;51;"LOOKUP SENT";P3-P1
2023-02-19 21:15:46.199342;51;"LOOKUP RECEIVED";P3-P1
2023-02-19 21:15:48.850572;54;"LOOKUP SENT";P4-P2
2023-02-19 21:15:48.851035;54;"LOOKUP SENT";P4-P1
2023-02-19 21:15:48.851476;54;"LOOKUP SENT";P4-P3
2023-02-19 21:15:48.886419;54;"LOOKUP SENT";P1-P4
2023-02-19 21:15:48.886944;54;"LOOKUP SENT";P1-P2
2023-02-19 21:15:48.887609;54;"LOOKUP SENT";P1-P3
2023-02-19 21:15:48.910366;54;"LOOKUP RECEIVED";P4-P3
2023-02-19 21:15:48.930649;54;"LOOKUP RECEIVED";P1-P3
2023-02-19 21:15:49.025121;54;"LOOKUP RECEIVED";P4-P2
2023-02-19 21:15:49.936928;55;"LOOKUP RECEIVED";P1-P2
2023-02-19 21:15:51.403172;57;"LOOKUP SENT";P2-P4
2023-02-19 21:15:51.403764;57;"LOOKUP SENT";P2-P3
2023-02-19 21:15:51.404135;57;"LOOKUP SENT";P2-P1
2023-02-19 21:15:51.506958;57;"LOOKUP RECEIVED";P2-P3
2023-02-19 21:15:51.578771;57;"LOOKUP RECEIVED";P2-P4
2023-02-19 21:15:55.123964;60;"LOOKUP SENT";P3-P2
2023-02-19 21:15:55.124491;60;"LOOKUP SENT";P3-P4
2023-02-19 21:15:55.124801;60;"LOOKUP SENT";P3-P1
2023-02-19 21:15:55.941784;61;"LOOKUP RECEIVED";P3-P2
2023-02-19 21:15:56.898251;62;"LOOKUP SENT";P1-P4
2023-02-19 21:15:56.898760;62;"LOOKUP SENT";P1-P2
2023-02-19 21:15:56.899227;62;"LOOKUP SENT";P1-P3
2023-02-19 21:15:56.952277;62;"LOOKUP RECEIVED";P1-P3
2023-02-19 21:15:57.004113;62;"LOOKUP RECEIVED";P3-P4
2023-02-19 21:15:57.076268;62;"LOOKUP RECEIVED";P1-P4
2023-02-19 21:15:57.373167;63;"LOOKUP RECEIVED";P1-P2
2023-02-19 21:15:59.859437;65;"LOOKUP SENT";P4-P2
2023-02-19 21:15:59.860206;65;"LOOKUP SENT";P4-P1
2023-02-19 21:15:59.860675;65;"LOOKUP SENT";P4-P3
2023-02-19 21:15:59.925007;65;"LOOKUP RECEIVED";P4-P3
2023-02-19 21:15:59.980525;65;"LOOKUP RECEIVED";P4-P2
2023-02-19 21:16:02.907792;68;"LOOKUP SENT";P1-P4
2023-02-19 21:16:02.908487;68;"LOOKUP SENT";P1-P2
2023-02-19 21:16:02.909019;68;"LOOKUP SENT";P1-P3
2023-02-19 21:16:03.380877;69;"LOOKUP RECEIVED";P1-P4
2023-02-19 21:16:03.386451;69;"LOOKUP RECEIVED";P1-P2
2023-02-19 21:16:04.359789;70;"LOOKUP RECEIVED";P1-P3
2023-02-19 21:16:05.131123;70;"LOOKUP SENT";P3-P2
2023-02-19 21:16:05.131823;70;"LOOKUP SENT";P3-P4
2023-02-19 21:16:05.132472;70;"LOOKUP SENT";P3-P1
2023-02-19 21:16:05.419382;71;"LOOKUP SENT";P2-P4
2023-02-19 21:16:05.420197;71;"LOOKUP SENT";P2-P3
2023-02-19 21:16:05.420480;71;"LOOKUP SENT";P2-P1
2023-02-19 21:16:06.152683;71;"LOOKUP RECEIVED";P2-P1
2023-02-19 21:16:06.169687;71;"LOOKUP RECEIVED";P3-P4
2023-02-19 21:16:06.172179;71;"LOOKUP RECEIVED";P2-P4
2023-02-19 21:16:07.208039;72;"LOOKUP RECEIVED";P3-P2
2023-02-19 21:16:08.864139;74;"LOOKUP SENT";P4-P2
2023-02-19 21:16:08.864595;74;"LOOKUP SENT";P4-P1
2023-02-19 21:16:08.864944;74;"LOOKUP SENT";P4-P3
2023-02-19 21:16:08.933207;74;"LOOKUP RECEIVED";P4-P3
2023-02-19 21:16:09.053479;74;"LOOKUP RECEIVED";P4-P2
2023-02-19 21:16:09.924810;75;"LOOKUP RECEIVED";P2-P3
2023-02-19 21:16:11.139135;76;"LOOKUP SENT";P3-P2
2023-02-19 21:16:11.139598;76;"LOOKUP SENT";P3-P4
2023-02-19 21:16:11.140027;76;"LOOKUP SENT";P3-P1
2023-02-19 21:16:12.014949;77;"LOOKUP RECEIVED";P3-P4
2023-02-19 21:16:12.922790;78;"LOOKUP SENT";P1-P4
2023-02-19 21:16:12.923313;78;"LOOKUP SENT";P1-P2
2023-02-19 21:16:12.923656;78;"LOOKUP SENT";P1-P3
2023-02-19 21:16:12.967877;78;"LOOKUP RECEIVED";P1-P3
2023-02-19 21:16:13.078274;78;"LOOKUP RECEIVED";P1-P2
2023-02-19 21:16:13.078407;78;"LOOKUP RECEIVED";P3-P2
2023-02-19 21:16:13.128685;78;"LOOKUP RECEIVED";P1-P4
2023-02-19 21:16:13.431683;79;"LOOKUP SENT";P2-P4
2023-02-19 21:16:13.433097;79;"LOOKUP SENT";P2-P3
2023-02-19 21:16:13.434042;79;"LOOKUP SENT";P2-P1
2023-02-19 21:16:13.537388;79;"LOOKUP RECEIVED";P2-P3
2023-02-19 21:16:13.556936;79;"LOOKUP RECEIVED";P2-P4
2023-02-19 21:16:13.871043;79;"LOOKUP SENT";P4-P3
2023-02-19 21:16:13.871596;79;"LOOKUP SENT";P4-P1
2023-02-19 21:16:13.871913;79;"LOOKUP SENT";P4-P2
2023-02-19 21:16:13.969233;79;"LOOKUP RECEIVED";P4-P3
2023-02-19 21:16:14.049393;79;"LOOKUP RECEIVED";P4-P1
2023-02-19 21:16:20.443083;86;"LOOKUP SENT";P2-P4
2023-02-19 21:16:20.444386;86;"LOOKUP SENT";P2-P3
2023-02-19 21:16:20.444796;86;"LOOKUP SENT";P2-P1
2023-02-19 21:16:20.935259;86;"LOOKUP SENT";P1-P4
2023-02-19 21:16:20.936968;86;"LOOKUP SENT";P1-P2
2023-02-19 21:16:20.938261;86;"LOOKUP SENT";P1-P3
2023-02-19 21:16:20.990457;86;"LOOKUP RECEIVED";P1-P3
2023-02-19 21:16:21.159877;86;"LOOKUP RECEIVED";P2-P1
2023-02-19 21:16:21.232050;86;"LOOKUP RECEIVED";P2-P3
2023-02-19 21:16:21.257529;86;"LOOKUP RECEIVED";P2-P4
2023-02-19 21:16:22.230038;87;"LOOKUP RECEIVED";P1-P2
2023-02-19 21:16:22.344692;88;"LOOKUP RECEIVED";P1-P4
2023-02-19 21:16:23.886311;89;"LOOKUP SENT";P4-P3
2023-02-19 21:16:23.886811;89;"LOOKUP SENT";P4-P1
2023-02-19 21:16:23.887257;89;"LOOKUP SENT";P4-P2
2023-02-19 21:16:23.961654;89;"LOOKUP RECEIVED";P4-P3
2023-02-19 21:16:24.060700;89;"LOOKUP RECEIVED";P4-P1
2023-02-19 21:16:24.155202;89;"LOOKUP SENT";P3-P2
2023-02-19 21:16:24.156581;89;"LOOKUP SENT";P3-P4
2023-02-19 21:16:24.157490;89;"LOOKUP SENT";P3-P1
2023-02-19 21:16:24.219532;89;"LOOKUP RECEIVED";P3-P4
2023-02-19 21:16:24.244934;89;"LOOKUP RECEIVED";P3-P1
2023-02-19 21:16:24.247339;89;"LOOKUP RECEIVED";P3-P2
2023-02-19 21:16:26.445867;92;"LOOKUP SENT";P2-P4
2023-02-19 21:16:26.446214;92;"LOOKUP SENT";P2-P3
2023-02-19 21:16:26.446519;92;"LOOKUP SENT";P2-P1
2023-02-19 21:16:26.561890;92;"LOOKUP RECEIVED";P2-P4
2023-02-19 21:16:28.117212;93;"LOOKUP RECEIVED";P2-P3
2023-02-19 21:16:35.901036;101;"LOOKUP SENT";P4-P3
2023-02-19 21:16:35.901748;101;"LOOKUP SENT";P4-P1
2023-02-19 21:16:35.902190;101;"LOOKUP SENT";P4-P2
2023-02-19 21:16:35.956088;101;"LOOKUP SENT";P1-P4
2023-02-19 21:16:35.956852;101;"LOOKUP SENT";P1-P2
2023-02-19 21:16:35.957943;101;"LOOKUP SENT";P1-P3
2023-02-19 21:16:35.961483;101;"LOOKUP RECEIVED";P4-P3
2023-02-19 21:16:36.002581;101;"LOOKUP RECEIVED";P1-P3
2023-02-19 21:16:36.051760;101;"LOOKUP RECEIVED";P1-P2
2023-02-19 21:16:36.090811;101;"LOOKUP RECEIVED";P4-P1
2023-02-19 21:16:36.116493;101;"LOOKUP RECEIVED";P4-P2
2023-02-19 21:16:36.121515;101;"LOOKUP RECEIVED";P1-P4
2023-02-19 21:16:36.165492;101;"LOOKUP SENT";P3-P2
2023-02-19 21:16:36.166248;101;"LOOKUP SENT";P3-P4
2023-02-19 21:16:36.166742;101;"LOOKUP SENT";P3-P1
2023-02-19 21:16:36.249058;101;"LOOKUP RECEIVED";P3-P1
2023-02-19 21:16:36.263118;101;"LOOKUP RECEIVED";P3-P2
2023-02-19 21:16:36.826580;102;"LOOKUP RECEIVED";P3-P4
2023-02-19 21:16:38.459319;104;"LOOKUP SENT";P2-P4
2023-02-19 21:16:38.459664;104;"LOOKUP SENT";P2-P3
2023-02-19 21:16:38.459956;104;"LOOKUP SENT";P2-P1
2023-02-19 21:16:38.519432;104;"LOOKUP RECEIVED";P2-P1
2023-02-19 21:16:38.576202;104;"LOOKUP RECEIVED";P2-P4
2023-02-19 21:16:40.905967;106;"LOOKUP SENT";P4-P3
2023-02-19 21:16:40.906407;106;"LOOKUP SENT";P4-P1
2023-02-19 21:16:40.906719;106;"LOOKUP SENT";P4-P2
2023-02-19 21:16:40.994064;106;"LOOKUP RECEIVED";P4-P3
2023-02-19 21:16:41.116673;106;"LOOKUP RECEIVED";P4-P1
2023-02-19 21:16:41.269881;106;"LOOKUP RECEIVED";P2-P3
2023-02-19 21:16:44.969275;110;"LOOKUP SENT";P1-P4
2023-02-19 21:16:44.970910;110;"LOOKUP SENT";P1-P2
2023-02-19 21:16:44.971928;110;"LOOKUP SENT";P1-P3
2023-02-19 21:16:45.047549;110;"LOOKUP RECEIVED";P1-P3
2023-02-19 21:16:45.172473;110;"LOOKUP RECEIVED";P1-P4
2023-02-19 21:16:47.178557;112;"LOOKUP SENT";P3-P2
2023-02-19 21:16:47.185342;112;"LOOKUP SENT";P3-P4
2023-02-19 21:16:47.186140;112;"LOOKUP SENT";P3-P1
2023-02-19 21:16:47.242984;112;"LOOKUP RECEIVED";P3-P1
2023-02-19 21:16:47.391425;113;"LOOKUP RECEIVED";P3-P2
2023-02-19 21:16:48.413953;114;"LOOKUP RECEIVED";P1-P2
2023-02-19 21:16:48.472992;114;"LOOKUP SENT";P2-P4
2023-02-19 21:16:48.473512;114;"LOOKUP SENT";P2-P3
2023-02-19 21:16:48.473738;114;"LOOKUP SENT";P2-P1
2023-02-19 21:16:48.480964;114;"LOOKUP RECEIVED";P3-P4
2023-02-19 21:16:48.534747;114;"LOOKUP RECEIVED";P2-P1
2023-02-19 21:16:48.590955;114;"LOOKUP RECEIVED";P2-P4
2023-02-19 21:16:49.395241;115;"LOOKUP RECEIVED";P2-P3
2023-02-19 21:16:51.981623;117;"LOOKUP SENT";P1-P4
2023-02-19 21:16:51.982558;117;"LOOKUP SENT";P1-P2
2023-02-19 21:16:51.983106;117;"LOOKUP SENT";P1-P3
2023-02-19 21:16:52.027600;117;"LOOKUP RECEIVED";P1-P3
2023-02-19 21:16:52.075892;117;"LOOKUP RECEIVED";P1-P2
2023-02-19 21:16:52.197846;117;"LOOKUP RECEIVED";P1-P4
2023-02-19 21:16:54.191723;119;"LOOKUP SENT";P3-P2
2023-02-19 21:16:54.192545;119;"LOOKUP SENT";P3-P4
2023-02-19 21:16:54.193019;119;"LOOKUP SENT";P3-P1
2023-02-19 21:16:54.239206;119;"LOOKUP RECEIVED";P3-P1
2023-02-19 21:16:54.911059;120;"LOOKUP SENT";P4-P3
2023-02-19 21:16:54.911685;120;"LOOKUP SENT";P4-P1
2023-02-19 21:16:54.912231;120;"LOOKUP SENT";P4-P2
2023-02-19 21:16:55.953602;121;"LOOKUP RECEIVED";P4-P3
2023-02-19 21:16:55.963974;121;"LOOKUP RECEIVED";P4-P2
2023-02-19 21:16:57.124494;122;"LOOKUP RECEIVED";P3-P4
2023-02-19 21:16:57.244901;122;"LOOKUP RECEIVED";P3-P2
2023-02-19 21:17:00.484640;126;"LOOKUP SENT";P2-P4
2023-02-19 21:17:00.484935;126;"LOOKUP SENT";P2-P3
2023-02-19 21:17:00.485485;126;"LOOKUP SENT";P2-P1
2023-02-19 21:17:00.543372;126;"LOOKUP RECEIVED";P2-P1
2023-02-19 21:17:00.597946;126;"LOOKUP RECEIVED";P2-P4
2023-02-19 21:17:00.919212;126;"LOOKUP SENT";P4-P3
2023-02-19 21:17:00.919662;126;"LOOKUP SENT";P4-P1
2023-02-19 21:17:00.919994;126;"LOOKUP SENT";P4-P2
2023-02-19 21:17:01.092615;126;"LOOKUP RECEIVED";P4-P1
2023-02-19 21:17:01.994379;127;"LOOKUP SENT";P1-P4
2023-02-19 21:17:01.994838;127;"LOOKUP SENT";P1-P2
2023-02-19 21:17:01.995194;127;"LOOKUP SENT";P1-P3
2023-02-19 21:17:02.033808;127;"LOOKUP RECEIVED";P4-P3
2023-02-19 21:17:02.052188;127;"LOOKUP RECEIVED";P1-P3
2023-02-19 21:17:02.084028;127;"LOOKUP RECEIVED";P2-P3
2023-02-19 21:17:02.139657;127;"LOOKUP RECEIVED";P1-P2
2023-02-19 21:17:02.163190;127;"LOOKUP RECEIVED";P1-P4
2023-02-19 21:17:06.204745;131;"LOOKUP SENT";P3-P2
2023-02-19 21:17:06.206332;131;"LOOKUP SENT";P3-P4
2023-02-19 21:17:06.207193;131;"LOOKUP SENT";P3-P1
2023-02-19 21:17:06.292245;131;"LOOKUP RECEIVED";P3-P1
2023-02-19 21:17:06.490445;132;"LOOKUP SENT";P2-P4
2023-02-19 21:17:06.490708;132;"LOOKUP SENT";P2-P3
2023-02-19 21:17:06.491038;132;"LOOKUP SENT";P2-P1
2023-02-19 21:17:06.547832;132;"LOOKUP RECEIVED";P2-P1
2023-02-19 21:17:06.613524;132;"LOOKUP RECEIVED";P2-P4
2023-02-19 21:17:07.269369;132;"LOOKUP RECEIVED";P3-P2
2023-02-19 21:17:07.452680;133;"LOOKUP RECEIVED";P2-P3
2023-02-19 21:17:09.007340;134;"LOOKUP SENT";P1-P4
2023-02-19 21:17:09.008029;134;"LOOKUP SENT";P1-P2
2023-02-19 21:17:09.008497;134;"LOOKUP SENT";P1-P3
2023-02-19 21:17:09.053119;134;"LOOKUP RECEIVED";P1-P3
2023-02-19 21:17:09.184203;134;"LOOKUP RECEIVED";P1-P4
2023-02-19 21:17:09.987663;135;"LOOKUP RECEIVED";P1-P2
2023-02-19 21:17:10.319072;136;"LOOKUP RECEIVED";P3-P4
2023-02-19 21:17:10.928315;136;"LOOKUP SENT";P4-P3
2023-02-19 21:17:10.928944;136;"LOOKUP SENT";P4-P1
2023-02-19 21:17:10.930115;136;"LOOKUP SENT";P4-P2
2023-02-19 21:17:11.960893;137;"LOOKUP RECEIVED";P4-P3
2023-02-19 21:17:13.001017;138;"LOOKUP RECEIVED";P4-P1
2023-02-19 21:17:15.496330;141;"LOOKUP SENT";P2-P4
2023-02-19 21:17:15.496635;141;"LOOKUP SENT";P2-P3
2023-02-19 21:17:15.496921;141;"LOOKUP SENT";P2-P1
2023-02-19 21:17:15.552717;141;"LOOKUP RECEIVED";P2-P1
2023-02-19 21:17:15.665953;141;"LOOKUP RECEIVED";P2-P4
2023-02-19 21:17:16.017929;141;"LOOKUP SENT";P1-P4
2023-02-19 21:17:16.018452;141;"LOOKUP SENT";P1-P2
2023-02-19 21:17:16.018736;141;"LOOKUP SENT";P1-P3
2023-02-19 21:17:16.063287;141;"LOOKUP RECEIVED";P1-P3
2023-02-19 21:17:16.118435;141;"LOOKUP RECEIVED";P1-P2
2023-02-19 21:17:16.214268;141;"LOOKUP SENT";P3-P2
2023-02-19 21:17:16.214875;141;"LOOKUP SENT";P3-P4
2023-02-19 21:17:16.215299;141;"LOOKUP SENT";P3-P1
2023-02-19 21:17:16.227237;141;"LOOKUP RECEIVED";P1-P4
2023-02-19 21:17:16.282811;141;"LOOKUP RECEIVED";P3-P4
2023-02-19 21:17:16.295809;141;"LOOKUP RECEIVED";P2-P3
2023-02-19 21:17:16.302630;141;"LOOKUP RECEIVED";P3-P1
2023-02-19 21:17:16.318758;142;"LOOKUP RECEIVED";P3-P2
2023-02-19 21:17:23.934224;149;"LOOKUP SENT";P4-P3
2023-02-19 21:17:23.934678;149;"LOOKUP SENT";P4-P1
2023-02-19 21:17:23.935005;149;"LOOKUP SENT";P4-P2
2023-02-19 21:17:24.027952;149;"LOOKUP SENT";P1-P4
2023-02-19 21:17:24.028836;149;"LOOKUP SENT";P1-P2
2023-02-19 21:17:24.029447;149;"LOOKUP SENT";P1-P3
2023-02-19 21:17:24.068031;149;"LOOKUP RECEIVED";P1-P3
2023-02-19 21:17:24.114598;149;"LOOKUP RECEIVED";P4-P1
2023-02-19 21:17:24.124521;149;"LOOKUP RECEIVED";P1-P2
2023-02-19 21:17:24.210189;149;"LOOKUP RECEIVED";P1-P4
2023-02-19 21:17:25.222095;150;"LOOKUP SENT";P3-P2
2023-02-19 21:17:25.222645;150;"LOOKUP SENT";P3-P4
2023-02-19 21:17:25.223033;150;"LOOKUP SENT";P3-P1
2023-02-19 21:17:25.316807;151;"LOOKUP RECEIVED";P3-P4
2023-02-19 21:17:25.317115;151;"LOOKUP RECEIVED";P3-P1
2023-02-19 21:17:25.324677;151;"LOOKUP RECEIVED";P3-P2
2023-02-19 21:17:25.548482;151;"LOOKUP RECEIVED";P4-P3
2023-02-19 21:17:28.511560;154;"LOOKUP SENT";P2-P4
2023-02-19 21:17:28.512601;154;"LOOKUP SENT";P2-P3
2023-02-19 21:17:28.513053;154;"LOOKUP SENT";P2-P1
2023-02-19 21:17:28.571626;154;"LOOKUP RECEIVED";P2-P1
2023-02-19 21:17:28.628332;154;"LOOKUP RECEIVED";P2-P4
2023-02-19 21:17:29.035284;154;"LOOKUP SENT";P1-P4
2023-02-19 21:17:29.038163;154;"LOOKUP SENT";P1-P2
2023-02-19 21:17:29.039197;154;"LOOKUP SENT";P1-P3
2023-02-19 21:17:29.100699;154;"LOOKUP RECEIVED";P1-P2
2023-02-19 21:17:29.370510;155;"LOOKUP RECEIVED";P1-P4
2023-02-19 21:17:30.076074;155;"LOOKUP RECEIVED";P1-P3
2023-02-19 21:17:30.226100;155;"LOOKUP SENT";P3-P2
2023-02-19 21:17:30.226496;155;"LOOKUP SENT";P3-P4
2023-02-19 21:17:30.227433;155;"LOOKUP SENT";P3-P1
2023-02-19 21:17:30.298405;155;"LOOKUP RECEIVED";P3-P4
2023-02-19 21:17:30.335246;156;"LOOKUP RECEIVED";P3-P1
2023-02-19 21:17:30.436591;156;"LOOKUP RECEIVED";P3-P2
2023-02-19 21:17:31.255629;156;"LOOKUP RECEIVED";P2-P3
2023-02-19 21:17:33.937530;159;"LOOKUP SENT";P4-P3
2023-02-19 21:17:33.937840;159;"LOOKUP SENT";P4-P1
2023-02-19 21:17:33.938054;159;"LOOKUP SENT";P4-P2
2023-02-19 21:17:34.002072;159;"LOOKUP RECEIVED";P4-P3
2023-02-19 21:17:34.114042;159;"LOOKUP RECEIVED";P4-P1
2023-02-19 21:17:36.234391;161;"LOOKUP SENT";P3-P2
2023-02-19 21:17:36.235335;161;"LOOKUP SENT";P3-P4
2023-02-19 21:17:36.235665;161;"LOOKUP SENT";P3-P1
2023-02-19 21:17:36.293949;161;"LOOKUP RECEIVED";P3-P4
2023-02-19 21:17:36.322927;162;"LOOKUP RECEIVED";P3-P1
2023-02-19 21:17:36.352971;162;"LOOKUP RECEIVED";P3-P2
2023-02-19 21:17:40.945740;166;"LOOKUP SENT";P4-P3
2023-02-19 21:17:40.946179;166;"LOOKUP SENT";P4-P1
2023-02-19 21:17:40.946985;166;"LOOKUP SENT";P4-P2
2023-02-19 21:17:41.199728;166;"LOOKUP RECEIVED";P4-P1
2023-02-19 21:17:41.263500;166;"LOOKUP RECEIVED";P4-P3
2023-02-19 21:17:42.057947;167;"LOOKUP SENT";P1-P4
2023-02-19 21:17:42.058506;167;"LOOKUP SENT";P1-P2
2023-02-19 21:17:42.059065;167;"LOOKUP SENT";P1-P3
2023-02-19 21:17:42.117846;167;"LOOKUP RECEIVED";P1-P2
2023-02-19 21:17:42.157651;167;"LOOKUP RECEIVED";P1-P4
2023-02-19 21:17:43.527059;169;"LOOKUP SENT";P2-P4
2023-02-19 21:17:43.527378;169;"LOOKUP SENT";P2-P3
2023-02-19 21:17:43.527696;169;"LOOKUP SENT";P2-P1
2023-02-19 21:17:43.627570;169;"LOOKUP RECEIVED";P1-P3
2023-02-19 21:17:43.627681;169;"LOOKUP RECEIVED";P2-P3
2023-02-19 21:17:43.641094;169;"LOOKUP RECEIVED";P2-P4
2023-02-19 21:17:45.950470;171;"LOOKUP SENT";P4-P3
2023-02-19 21:17:45.950930;171;"LOOKUP SENT";P4-P1
2023-02-19 21:17:45.951426;171;"LOOKUP SENT";P4-P2
2023-02-19 21:17:46.008191;171;"LOOKUP RECEIVED";P4-P3
2023-02-19 21:17:46.126975;171;"LOOKUP RECEIVED";P4-P1
2023-02-19 21:17:46.166531;171;"LOOKUP RECEIVED";P4-P2
2023-02-19 21:17:50.068368;175;"LOOKUP SENT";P1-P4
2023-02-19 21:17:50.068944;175;"LOOKUP SENT";P1-P2
2023-02-19 21:17:50.069546;175;"LOOKUP SENT";P1-P3
2023-02-19 21:17:50.124089;175;"LOOKUP RECEIVED";P1-P3
2023-02-19 21:17:50.300594;175;"LOOKUP RECEIVED";P1-P2
2023-02-19 21:17:50.439020;176;"LOOKUP RECEIVED";P1-P4
2023-02-19 21:17:51.249491;176;"LOOKUP SENT";P3-P2
2023-02-19 21:17:51.250185;176;"LOOKUP SENT";P3-P4
2023-02-19 21:17:51.251416;176;"LOOKUP SENT";P3-P1
2023-02-19 21:17:51.337566;177;"LOOKUP RECEIVED";P3-P1
2023-02-19 21:17:51.537975;177;"LOOKUP SENT";P2-P4
2023-02-19 21:17:51.538265;177;"LOOKUP SENT";P2-P3
2023-02-19 21:17:51.538518;177;"LOOKUP SENT";P2-P1
2023-02-19 21:17:51.630938;177;"LOOKUP RECEIVED";P2-P3
2023-02-19 21:17:51.669929;177;"LOOKUP RECEIVED";P2-P1
2023-02-19 21:17:51.958554;177;"LOOKUP SENT";P4-P3
2023-02-19 21:17:51.959157;177;"LOOKUP SENT";P4-P1
2023-02-19 21:17:51.959623;177;"LOOKUP SENT";P4-P2
2023-02-19 21:17:52.106368;177;"LOOKUP RECEIVED";P4-P3
2023-02-19 21:17:52.309999;177;"LOOKUP RECEIVED";P3-P2
2023-02-19 21:17:52.310581;177;"LOOKUP RECEIVED";P3-P4
2023-02-19 21:17:52.311022;177;"LOOKUP RECEIVED";P2-P4
2023-02-19 21:17:52.485481;178;"LOOKUP RECEIVED";P4-P1
2023-02-19 21:17:59.081134;184;"LOOKUP SENT";P1-P4
2023-02-19 21:17:59.081738;184;"LOOKUP SENT";P1-P2
2023-02-19 21:17:59.082150;184;"LOOKUP SENT";P1-P3
2023-02-19 21:17:59.143219;184;"LOOKUP RECEIVED";P1-P2
2023-02-19 21:17:59.175228;184;"LOOKUP RECEIVED";P1-P3
2023-02-19 21:17:59.206813;184;"LOOKUP RECEIVED";P1-P4
2023-02-19 21:18:00.969450;186;"LOOKUP SENT";P4-P3
2023-02-19 21:18:00.969679;186;"LOOKUP SENT";P4-P1
2023-02-19 21:18:00.969840;186;"LOOKUP SENT";P4-P2
2023-02-19 21:18:01.119643;186;"LOOKUP RECEIVED";P4-P3
2023-02-19 21:18:01.138221;186;"LOOKUP RECEIVED";P4-P1
2023-02-19 21:18:01.193444;186;"LOOKUP RECEIVED";P4-P2
2023-02-19 21:18:01.263103;186;"LOOKUP SENT";P3-P2
2023-02-19 21:18:01.264081;186;"LOOKUP SENT";P3-P4
2023-02-19 21:18:01.266103;186;"LOOKUP SENT";P3-P1
2023-02-19 21:18:01.325929;187;"LOOKUP RECEIVED";P3-P4
2023-02-19 21:18:01.350899;187;"LOOKUP RECEIVED";P3-P1
2023-02-19 21:18:01.364191;187;"LOOKUP RECEIVED";P3-P2
2023-02-19 21:18:01.548354;187;"LOOKUP SENT";P2-P4
2023-02-19 21:18:01.548638;187;"LOOKUP SENT";P2-P3
2023-02-19 21:18:01.548805;187;"LOOKUP SENT";P2-P1
2023-02-19 21:18:01.663904;187;"LOOKUP RECEIVED";P2-P4
2023-02-19 21:18:01.761438;187;"LOOKUP RECEIVED";P2-P3
2023-02-19 21:18:05.087847;190;"LOOKUP SENT";P1-P4
2023-02-19 21:18:05.088477;190;"LOOKUP SENT";P1-P2
2023-02-19 21:18:05.088925;190;"LOOKUP SENT";P1-P3
2023-02-19 21:18:05.148307;190;"LOOKUP RECEIVED";P1-P3
2023-02-19 21:18:05.164924;190;"LOOKUP RECEIVED";P1-P2
2023-02-19 21:18:05.206438;190;"LOOKUP RECEIVED";P1-P4
2023-02-19 21:18:14.101878;199;"LOOKUP SENT";P1-P4
2023-02-19 21:18:14.102479;199;"LOOKUP SENT";P1-P2
2023-02-19 21:18:14.102808;199;"LOOKUP SENT";P1-P3
2023-02-19 21:18:14.161196;199;"LOOKUP RECEIVED";P1-P2
2023-02-19 21:18:14.214591;199;"LOOKUP RECEIVED";P1-P4
2023-02-19 21:18:15.133061;200;"LOOKUP RECEIVED";P1-P3
2023-02-19 21:18:15.280922;200;"LOOKUP SENT";P3-P2
2023-02-19 21:18:15.281549;200;"LOOKUP SENT";P3-P4
2023-02-19 21:18:15.282225;200;"LOOKUP SENT";P3-P1
2023-02-19 21:18:15.357828;201;"LOOKUP RECEIVED";P3-P4
2023-02-19 21:18:15.366798;201;"LOOKUP RECEIVED";P3-P1
2023-02-19 21:18:15.371962;201;"LOOKUP RECEIVED";P3-P2
2023-02-19 21:18:15.983977;201;"LOOKUP SENT";P4-P3
2023-02-19 21:18:15.984313;201;"LOOKUP SENT";P4-P1
2023-02-19 21:18:15.984542;201;"LOOKUP SENT";P4-P2
2023-02-19 21:18:16.160904;201;"LOOKUP RECEIVED";P4-P1
2023-02-19 21:18:16.554897;202;"LOOKUP SENT";P2-P4
2023-02-19 21:18:16.556296;202;"LOOKUP SENT";P2-P3
2023-02-19 21:18:16.558145;202;"LOOKUP SENT";P2-P1
2023-02-19 21:18:16.668182;202;"LOOKUP RECEIVED";P2-P3
2023-02-19 21:18:16.674711;202;"LOOKUP RECEIVED";P2-P4
2023-02-19 21:18:16.964938;202;"LOOKUP RECEIVED";P4-P3
2023-02-19 21:18:23.118947;208;"LOOKUP SENT";P1-P4
2023-02-19 21:18:23.119685;208;"LOOKUP SENT";P1-P2
2023-02-19 21:18:23.120295;208;"LOOKUP SENT";P1-P3
2023-02-19 21:18:23.180714;208;"LOOKUP RECEIVED";P1-P2
2023-02-19 21:18:23.222726;208;"LOOKUP RECEIVED";P1-P4
2023-02-19 21:18:23.565974;209;"LOOKUP SENT";P2-P4
2023-02-19 21:18:23.566337;209;"LOOKUP SENT";P2-P3
2023-02-19 21:18:23.566611;209;"LOOKUP SENT";P2-P1
2023-02-19 21:18:23.667947;209;"LOOKUP RECEIVED";P1-P3
2023-02-19 21:18:23.668055;209;"LOOKUP RECEIVED";P2-P3
2023-02-19 21:18:23.685318;209;"LOOKUP RECEIVED";P2-P4
2023-02-19 21:18:27.999131;213;"LOOKUP SENT";P4-P3
2023-02-19 21:18:27.999851;213;"LOOKUP SENT";P4-P1
2023-02-19 21:18:28.000453;213;"LOOKUP SENT";P4-P2
2023-02-19 21:18:28.059561;213;"LOOKUP RECEIVED";P4-P3
2023-02-19 21:18:28.119141;213;"LOOKUP RECEIVED";P4-P2
2023-02-19 21:18:28.126726;213;"LOOKUP SENT";P1-P4
2023-02-19 21:18:28.127607;213;"LOOKUP SENT";P1-P2
2023-02-19 21:18:28.128201;213;"LOOKUP SENT";P1-P3
2023-02-19 21:18:28.183825;213;"LOOKUP RECEIVED";P1-P2
2023-02-19 21:18:28.203074;213;"LOOKUP RECEIVED";P1-P3
2023-02-19 21:18:28.296431;213;"LOOKUP SENT";P3-P2
2023-02-19 21:18:28.299659;213;"LOOKUP SENT";P3-P4
2023-02-19 21:18:28.302579;213;"LOOKUP SENT";P3-P1
2023-02-19 21:18:28.387652;214;"LOOKUP RECEIVED";P3-P1
2023-02-19 21:18:28.389380;214;"LOOKUP RECEIVED";P1-P4
2023-02-19 21:18:28.389464;214;"LOOKUP RECEIVED";P3-P2
2023-02-19 21:18:29.019914;214;"LOOKUP RECEIVED";P3-P4
2023-02-19 21:18:32.574979;218;"LOOKUP SENT";P2-P4
2023-02-19 21:18:32.575678;218;"LOOKUP SENT";P2-P3
2023-02-19 21:18:32.576665;218;"LOOKUP SENT";P2-P1
2023-02-19 21:18:33.506134;219;"LOOKUP RECEIVED";P2-P4
2023-02-19 21:18:34.498281;220;"LOOKUP RECEIVED";P2-P3
2023-02-19 21:18:35.309767;220;"LOOKUP SENT";P3-P2
2023-02-19 21:18:35.310080;220;"LOOKUP SENT";P3-P4
2023-02-19 21:18:35.310347;220;"LOOKUP SENT";P3-P1
2023-02-19 21:18:36.291265;221;"LOOKUP RECEIVED";P3-P1
2023-02-19 21:18:36.419277;222;"LOOKUP RECEIVED";P3-P4
2023-02-19 21:18:37.367634;223;"LOOKUP RECEIVED";P3-P2
2023-02-19 21:18:38.140983;223;"LOOKUP SENT";P1-P4
2023-02-19 21:18:38.141710;223;"LOOKUP SENT";P1-P2
2023-02-19 21:18:38.142195;223;"LOOKUP SENT";P1-P3
2023-02-19 21:18:38.202880;223;"LOOKUP RECEIVED";P1-P2
2023-02-19 21:18:38.244653;223;"LOOKUP RECEIVED";P1-P4
2023-02-19 21:18:39.010021;224;"LOOKUP SENT";P4-P3
2023-02-19 21:18:39.010661;224;"LOOKUP SENT";P4-P1
2023-02-19 21:18:39.011090;224;"LOOKUP SENT";P4-P2
2023-02-19 21:18:39.080034;224;"LOOKUP RECEIVED";P4-P3
2023-02-19 21:18:39.131474;224;"LOOKUP RECEIVED";P4-P2
2023-02-19 21:18:40.057813;225;"LOOKUP RECEIVED";P1-P3
2023-02-19 21:18:42.586464;228;"LOOKUP SENT";P2-P4
2023-02-19 21:18:42.586997;228;"LOOKUP SENT";P2-P3
2023-02-19 21:18:42.587487;228;"LOOKUP SENT";P2-P1
2023-02-19 21:18:42.692899;228;"LOOKUP RECEIVED";P2-P4
2023-02-19 21:18:43.243453;228;"LOOKUP RECEIVED";P2-P1
2023-02-19 21:18:43.287060;228;"LOOKUP RECEIVED";P2-P3
2023-02-19 21:18:45.020589;230;"LOOKUP SENT";P4-P3
2023-02-19 21:18:45.020952;230;"LOOKUP SENT";P4-P1
2023-02-19 21:18:45.021275;230;"LOOKUP SENT";P4-P2
2023-02-19 21:18:45.143734;230;"LOOKUP RECEIVED";P4-P2
2023-02-19 21:18:46.153781;231;"LOOKUP RECEIVED";P4-P3
2023-02-19 21:18:49.596425;235;"LOOKUP SENT";P2-P4
2023-02-19 21:18:49.596896;235;"LOOKUP SENT";P2-P3
2023-02-19 21:18:49.597111;235;"LOOKUP SENT";P2-P1
2023-02-19 21:18:49.699702;235;"LOOKUP RECEIVED";P2-P3
2023-02-19 21:18:49.713826;235;"LOOKUP RECEIVED";P2-P4
2023-02-19 21:18:50.328521;236;"LOOKUP SENT";P3-P2
2023-02-19 21:18:50.329010;236;"LOOKUP SENT";P3-P4
2023-02-19 21:18:50.329608;236;"LOOKUP SENT";P3-P1
2023-02-19 21:18:50.375085;236;"LOOKUP RECEIVED";P3-P1
2023-02-19 21:18:50.434394;236;"LOOKUP RECEIVED";P3-P2
2023-02-19 21:18:51.470036;237;"LOOKUP RECEIVED";P3-P4
2023-02-19 21:18:53.160876;238;"LOOKUP SENT";P1-P4
2023-02-19 21:18:53.163204;238;"LOOKUP SENT";P1-P2
2023-02-19 21:18:53.165589;238;"LOOKUP SENT";P1-P3
2023-02-19 21:18:53.225874;238;"LOOKUP RECEIVED";P1-P2
2023-02-19 21:18:53.369599;239;"LOOKUP RECEIVED";P1-P4
2023-02-19 21:18:55.073516;240;"LOOKUP RECEIVED";P1-P3
2023-02-19 21:18:56.599279;242;"LOOKUP SENT";P2-P4
2023-02-19 21:18:56.599540;242;"LOOKUP SENT";P2-P3
2023-02-19 21:18:56.599788;242;"LOOKUP SENT";P2-P1
2023-02-19 21:18:56.716622;242;"LOOKUP RECEIVED";P2-P4
2023-02-19 21:18:58.036939;243;"LOOKUP SENT";P4-P3
2023-02-19 21:18:58.037907;243;"LOOKUP SENT";P4-P1
2023-02-19 21:18:58.038388;243;"LOOKUP SENT";P4-P2
2023-02-19 21:18:58.092446;243;"LOOKUP RECEIVED";P4-P3
2023-02-19 21:18:58.156316;243;"LOOKUP RECEIVED";P4-P2
2023-02-19 21:18:58.213547;243;"LOOKUP RECEIVED";P2-P3
2023-02-19 21:19:00.339447;246;"LOOKUP SENT";P3-P2
2023-02-19 21:19:00.339955;246;"LOOKUP SENT";P3-P4
2023-02-19 21:19:00.340386;246;"LOOKUP SENT";P3-P1
2023-02-19 21:19:00.411293;246;"LOOKUP RECEIVED";P3-P4
2023-02-19 21:19:00.442532;246;"LOOKUP RECEIVED";P3-P2
2023-02-19 21:19:03.608056;249;"LOOKUP SENT";P2-P4
2023-02-19 21:19:03.608612;249;"LOOKUP SENT";P2-P3
2023-02-19 21:19:03.609106;249;"LOOKUP SENT";P2-P1
2023-02-19 21:19:03.707539;249;"LOOKUP RECEIVED";P2-P3
2023-02-19 21:19:03.720042;249;"LOOKUP RECEIVED";P2-P4
2023-02-19 21:19:03.738475;249;"LOOKUP RECEIVED";P2-P1
2023-02-19 21:19:05.181633;250;"LOOKUP SENT";P1-P4
2023-02-19 21:19:05.182461;250;"LOOKUP SENT";P1-P2
2023-02-19 21:19:05.183290;250;"LOOKUP SENT";P1-P3
2023-02-19 21:19:05.233067;250;"LOOKUP RECEIVED";P1-P3
2023-02-19 21:19:05.247224;250;"LOOKUP RECEIVED";P1-P2
2023-02-19 21:19:05.537851;251;"LOOKUP RECEIVED";P1-P4
2023-02-19 21:19:08.616134;254;"LOOKUP SENT";P2-P4
2023-02-19 21:19:08.616737;254;"LOOKUP SENT";P2-P3
2023-02-19 21:19:08.617480;254;"LOOKUP SENT";P2-P1
2023-02-19 21:19:08.727068;254;"LOOKUP RECEIVED";P2-P3
2023-02-19 21:19:08.763633;254;"LOOKUP RECEIVED";P2-P4
2023-02-19 21:19:09.050294;254;"LOOKUP SENT";P4-P3
2023-02-19 21:19:09.050740;254;"LOOKUP SENT";P4-P1
2023-02-19 21:19:09.051164;254;"LOOKUP SENT";P4-P2
2023-02-19 21:19:09.132402;254;"LOOKUP RECEIVED";P4-P3
2023-02-19 21:19:09.283646;254;"LOOKUP RECEIVED";P4-P1
2023-02-19 21:19:10.351987;256;"LOOKUP SENT";P3-P2
2023-02-19 21:19:10.353720;256;"LOOKUP SENT";P3-P4
2023-02-19 21:19:10.354109;256;"LOOKUP SENT";P3-P1
2023-02-19 21:19:10.439871;256;"LOOKUP RECEIVED";P3-P1
2023-02-19 21:19:10.446437;256;"LOOKUP RECEIVED";P3-P2
2023-02-19 21:19:10.524332;256;"LOOKUP RECEIVED";P3-P4
2023-02-19 21:19:14.262822;259;"LOOKUP SENT";P1-P4
2023-02-19 21:19:14.264082;259;"LOOKUP SENT";P1-P2
2023-02-19 21:19:14.265735;259;"LOOKUP SENT";P1-P3
2023-02-19 21:19:14.306744;259;"LOOKUP RECEIVED";P1-P3
2023-02-19 21:19:14.358353;260;"LOOKUP RECEIVED";P1-P2
2023-02-19 21:19:14.431879;260;"LOOKUP RECEIVED";P1-P4
2023-02-19 21:19:16.282254;261;"LOOKUP SENT";P4-P3
2023-02-19 21:19:16.283922;261;"LOOKUP SENT";P4-P1
2023-02-19 21:19:16.285466;261;"LOOKUP SENT";P4-P2
2023-02-19 21:19:16.513143;262;"LOOKUP RECEIVED";P4-P1
2023-02-19 21:19:16.557477;262;"LOOKUP RECEIVED";P4-P3
2023-02-19 21:19:17.632336;263;"LOOKUP SENT";P2-P4
2023-02-19 21:19:17.636235;263;"LOOKUP SENT";P2-P3
2023-02-19 21:19:17.647438;263;"LOOKUP SENT";P2-P1
2023-02-19 21:19:17.737633;263;"LOOKUP RECEIVED";P2-P3
2023-02-19 21:19:17.749287;263;"LOOKUP RECEIVED";P2-P4
2023-02-19 21:19:23.500045;269;"LOOKUP SENT";P3-P2
2023-02-19 21:19:23.500388;269;"LOOKUP SENT";P3-P4
2023-02-19 21:19:23.500648;269;"LOOKUP SENT";P3-P1
2023-02-19 21:19:23.583584;269;"LOOKUP RECEIVED";P3-P4
2023-02-19 21:19:23.601987;269;"LOOKUP RECEIVED";P3-P2
2023-02-19 21:19:25.655304;271;"LOOKUP SENT";P2-P4
2023-02-19 21:19:25.657598;271;"LOOKUP SENT";P2-P3
2023-02-19 21:19:25.658641;271;"LOOKUP SENT";P2-P1
2023-02-19 21:19:25.788063;271;"LOOKUP RECEIVED";P2-P1
2023-02-19 21:19:26.152660;271;"LOOKUP RECEIVED";P2-P3
2023-02-19 21:19:27.243795;272;"LOOKUP RECEIVED";P2-P4
2023-02-19 21:19:28.282763;273;"LOOKUP SENT";P1-P4
2023-02-19 21:19:28.285287;273;"LOOKUP SENT";P1-P2
2023-02-19 21:19:28.286973;273;"LOOKUP SENT";P1-P3
2023-02-19 21:19:28.330007;274;"LOOKUP RECEIVED";P1-P3
2023-02-19 21:19:28.472752;274;"LOOKUP RECEIVED";P1-P4
2023-02-19 21:19:29.320121;275;"LOOKUP SENT";P4-P3
2023-02-19 21:19:29.320721;275;"LOOKUP SENT";P4-P1
2023-02-19 21:19:29.321054;275;"LOOKUP SENT";P4-P2
2023-02-19 21:19:29.375812;275;"LOOKUP RECEIVED";P4-P3
2023-02-19 21:19:29.507064;275;"LOOKUP SENT";P3-P2
2023-02-19 21:19:29.510808;275;"LOOKUP SENT";P3-P4
2023-02-19 21:19:29.512464;275;"LOOKUP RECEIVED";P4-P1
2023-02-19 21:19:29.514428;275;"LOOKUP SENT";P3-P1
2023-02-19 21:19:29.573169;275;"LOOKUP RECEIVED";P3-P4
2023-02-19 21:19:29.593811;275;"LOOKUP RECEIVED";P3-P1
2023-02-19 21:19:29.629796;275;"LOOKUP RECEIVED";P1-P2
2023-02-19 21:19:29.630058;275;"LOOKUP RECEIVED";P3-P2
2023-02-19 21:19:37.935370;283;"LOOKUP SENT";P2-P4
2023-02-19 21:19:37.937911;283;"LOOKUP SENT";P2-P3
2023-02-19 21:19:37.938550;283;"LOOKUP SENT";P2-P1
2023-02-19 21:19:38.040214;283;"LOOKUP RECEIVED";P2-P3
2023-02-19 21:19:38.047220;283;"LOOKUP RECEIVED";P2-P4
2023-02-19 21:19:38.078886;283;"LOOKUP RECEIVED";P2-P1
2023-02-19 21:19:38.331501;284;"LOOKUP SENT";P4-P3
2023-02-19 21:19:38.332221;284;"LOOKUP SENT";P4-P1
2023-02-19 21:19:38.332561;284;"LOOKUP SENT";P4-P2
2023-02-19 21:19:38.542458;284;"LOOKUP RECEIVED";P4-P1
2023-02-19 21:19:39.205255;284;"LOOKUP RECEIVED";P4-P3
2023-02-19 21:19:39.302212;284;"LOOKUP SENT";P1-P4
2023-02-19 21:19:39.305814;284;"LOOKUP SENT";P1-P2
2023-02-19 21:19:39.308950;284;"LOOKUP SENT";P1-P3
2023-02-19 21:19:39.347581;285;"LOOKUP RECEIVED";P1-P3
2023-02-19 21:19:39.452343;285;"LOOKUP RECEIVED";P1-P2
2023-02-19 21:19:39.522022;285;"LOOKUP RECEIVED";P1-P4
2023-02-19 21:19:41.528557;287;"LOOKUP SENT";P3-P2
2023-02-19 21:19:41.528862;287;"LOOKUP SENT";P3-P4
2023-02-19 21:19:41.529128;287;"LOOKUP SENT";P3-P1
2023-02-19 21:19:41.606285;287;"LOOKUP RECEIVED";P3-P4
2023-02-19 21:19:43.429159;289;"LOOKUP RECEIVED";P3-P1
2023-02-19 21:19:43.496814;289;"LOOKUP RECEIVED";P3-P2
2023-02-19 21:19:49.973622;295;"LOOKUP SENT";P2-P4
2023-02-19 21:19:49.974278;295;"LOOKUP SENT";P2-P3
2023-02-19 21:19:49.974953;295;"LOOKUP SENT";P2-P1
2023-02-19 21:19:50.099778;295;"LOOKUP RECEIVED";P2-P4
2023-02-19 21:19:50.099781;295;"LOOKUP RECEIVED";P2-P3
2023-02-19 21:19:50.351593;296;"LOOKUP SENT";P4-P3
2023-02-19 21:19:50.352084;296;"LOOKUP SENT";P4-P1
2023-02-19 21:19:50.352693;296;"LOOKUP SENT";P4-P2
2023-02-19 21:19:50.525525;296;"LOOKUP RECEIVED";P4-P1
2023-02-19 21:19:50.557195;296;"LOOKUP SENT";P3-P2
2023-02-19 21:19:50.557648;296;"LOOKUP SENT";P3-P4
2023-02-19 21:19:50.557932;296;"LOOKUP SENT";P3-P1
2023-02-19 21:19:50.574641;296;"LOOKUP RECEIVED";P4-P2
2023-02-19 21:19:50.672964;296;"LOOKUP RECEIVED";P3-P2
2023-02-19 21:19:50.770576;296;"LOOKUP RECEIVED";P4-P3
2023-02-19 21:19:50.945190;296;"LOOKUP RECEIVED";P3-P4
2023-02-19 21:19:52.329428;298;"LOOKUP SENT";P1-P4
2023-02-19 21:19:52.335575;298;"LOOKUP SENT";P1-P2
2023-02-19 21:19:52.341066;298;"LOOKUP SENT";P1-P3
2023-02-19 21:19:52.397445;298;"LOOKUP RECEIVED";P1-P3
2023-02-19 21:19:52.431590;298;"LOOKUP RECEIVED";P1-P2
2023-02-19 21:19:52.514473;298;"LOOKUP RECEIVED";P1-P4
2023-02-19 21:19:57.983388;303;"LOOKUP SENT";P2-P4
2023-02-19 21:19:57.984239;303;"LOOKUP SENT";P2-P3
2023-02-19 21:19:57.985457;303;"LOOKUP SENT";P2-P1
2023-02-19 21:19:58.153715;303;"LOOKUP RECEIVED";P2-P4
2023-02-19 21:19:58.356668;304;"LOOKUP RECEIVED";P2-P3
2023-02-19 21:19:59.567351;305;"LOOKUP SENT";P3-P2
2023-02-19 21:19:59.567682;305;"LOOKUP SENT";P3-P4
2023-02-19 21:19:59.567993;305;"LOOKUP SENT";P3-P1
2023-02-19 21:19:59.615720;305;"LOOKUP RECEIVED";P3-P1
2023-02-19 21:19:59.650655;305;"LOOKUP RECEIVED";P3-P4
2023-02-19 21:19:59.668154;305;"LOOKUP RECEIVED";P3-P2
2023-02-19 21:20:01.353772;307;"LOOKUP SENT";P1-P4
2023-02-19 21:20:01.356622;307;"LOOKUP SENT";P1-P2
2023-02-19 21:20:01.361554;307;"LOOKUP SENT";P1-P3
2023-02-19 21:20:01.397751;307;"LOOKUP RECEIVED";P1-P3
2023-02-19 21:20:01.443969;307;"LOOKUP RECEIVED";P1-P2
2023-02-19 21:20:01.515184;307;"LOOKUP RECEIVED";P1-P4
2023-02-19 21:20:02.365525;308;"LOOKUP SENT";P4-P3
2023-02-19 21:20:02.366198;308;"LOOKUP SENT";P4-P1
2023-02-19 21:20:02.366820;308;"LOOKUP SENT";P4-P2
2023-02-19 21:20:02.422748;308;"LOOKUP RECEIVED";P4-P3
2023-02-19 21:20:02.504385;308;"LOOKUP RECEIVED";P4-P2
2023-02-19 21:20:02.558780;308;"LOOKUP RECEIVED";P4-P1
2023-02-19 21:20:02.989960;308;"LOOKUP SENT";P2-P4
2023-02-19 21:20:02.990370;308;"LOOKUP SENT";P2-P3
2023-02-19 21:20:02.990768;308;"LOOKUP SENT";P2-P1
2023-02-19 21:20:03.057072;308;"LOOKUP RECEIVED";P2-P1
2023-02-19 21:20:03.100479;308;"LOOKUP RECEIVED";P2-P3
2023-02-19 21:20:03.128340;308;"LOOKUP RECEIVED";P2-P4
2023-02-19 21:20:09.373875;315;"LOOKUP SENT";P4-P3
2023-02-19 21:20:09.374247;315;"LOOKUP SENT";P4-P1
2023-02-19 21:20:09.374590;315;"LOOKUP SENT";P4-P2
2023-02-19 21:20:09.432217;315;"LOOKUP RECEIVED";P4-P3
2023-02-19 21:20:09.620836;315;"LOOKUP RECEIVED";P4-P1
2023-02-19 21:20:09.637120;315;"LOOKUP SENT";P3-P2
2023-02-19 21:20:09.637455;315;"LOOKUP SENT";P3-P4
2023-02-19 21:20:09.637745;315;"LOOKUP SENT";P3-P1
2023-02-19 21:20:09.721423;315;"LOOKUP RECEIVED";P3-P1
2023-02-19 21:20:09.731567;315;"LOOKUP RECEIVED";P3-P2
2023-02-19 21:20:09.888339;315;"LOOKUP RECEIVED";P3-P4
2023-02-19 21:20:09.998815;315;"LOOKUP SENT";P2-P4
2023-02-19 21:20:10.000213;315;"LOOKUP SENT";P2-P3
2023-02-19 21:20:10.001080;315;"LOOKUP SENT";P2-P1
2023-02-19 21:20:10.058761;315;"LOOKUP RECEIVED";P2-P1
2023-02-19 21:20:10.100176;315;"LOOKUP RECEIVED";P2-P3
2023-02-19 21:20:10.110227;315;"LOOKUP RECEIVED";P2-P4
2023-02-19 21:20:15.461690;321;"LOOKUP SENT";P1-P4
2023-02-19 21:20:15.466850;321;"LOOKUP SENT";P1-P2
2023-02-19 21:20:15.470189;321;"LOOKUP SENT";P1-P3
2023-02-19 21:20:15.527625;321;"LOOKUP RECEIVED";P1-P2
2023-02-19 21:20:15.543633;321;"LOOKUP RECEIVED";P1-P3
2023-02-19 21:20:15.702549;321;"LOOKUP RECEIVED";P1-P4
2023-02-19 21:20:16.384380;322;"LOOKUP SENT";P4-P3
2023-02-19 21:20:16.387393;322;"LOOKUP SENT";P4-P1
2023-02-19 21:20:16.388291;322;"LOOKUP SENT";P4-P2
2023-02-19 21:20:16.568173;322;"LOOKUP RECEIVED";P4-P1
2023-02-19 21:20:16.822567;322;"LOOKUP RECEIVED";P4-P3
2023-02-19 21:20:19.651483;325;"LOOKUP SENT";P3-P2
2023-02-19 21:20:19.651906;325;"LOOKUP SENT";P3-P4
2023-02-19 21:20:19.652286;325;"LOOKUP SENT";P3-P1
2023-02-19 21:20:19.774775;325;"LOOKUP RECEIVED";P3-P2
2023-02-19 21:20:19.913163;325;"LOOKUP RECEIVED";P3-P4
2023-02-19 21:20:20.013552;325;"LOOKUP SENT";P2-P4
2023-02-19 21:20:20.014787;325;"LOOKUP SENT";P2-P3
2023-02-19 21:20:20.015495;325;"LOOKUP SENT";P2-P1
2023-02-19 21:20:20.128421;325;"LOOKUP RECEIVED";P2-P4
2023-02-19 21:20:20.147061;325;"LOOKUP RECEIVED";P2-P1
2023-02-19 21:20:20.260576;325;"LOOKUP RECEIVED";P2-P3
2023-02-19 21:20:23.425709;329;"LOOKUP SENT";P4-P3
2023-02-19 21:20:23.426241;329;"LOOKUP SENT";P4-P1
2023-02-19 21:20:23.426514;329;"LOOKUP SENT";P4-P2
2023-02-19 21:20:23.581487;329;"LOOKUP RECEIVED";P4-P2
2023-02-19 21:20:23.584082;329;"LOOKUP RECEIVED";P4-P3
2023-02-19 21:20:23.676255;329;"LOOKUP RECEIVED";P4-P1
2023-02-19 21:20:27.483622;333;"LOOKUP SENT";P1-P4
2023-02-19 21:20:27.486717;333;"LOOKUP SENT";P1-P2
2023-02-19 21:20:27.490085;333;"LOOKUP SENT";P1-P3
2023-02-19 21:20:27.545367;333;"LOOKUP RECEIVED";P1-P2
2023-02-19 21:20:27.564319;333;"LOOKUP RECEIVED";P1-P3
2023-02-19 21:20:27.661431;333;"LOOKUP SENT";P3-P2
2023-02-19 21:20:27.662053;333;"LOOKUP SENT";P3-P4
2023-02-19 21:20:27.662408;333;"LOOKUP SENT";P3-P1
2023-02-19 21:20:27.692892;333;"LOOKUP RECEIVED";P1-P4
2023-02-19 21:20:27.766072;333;"LOOKUP RECEIVED";P3-P2
2023-02-19 21:20:27.893257;333;"LOOKUP RECEIVED";P3-P4
2023-02-19 21:20:28.430138;334;"LOOKUP SENT";P4-P3
2023-02-19 21:20:28.430774;334;"LOOKUP SENT";P4-P1
2023-02-19 21:20:28.431376;334;"LOOKUP SENT";P4-P2
2023-02-19 21:20:28.482273;334;"LOOKUP RECEIVED";P4-P3
2023-02-19 21:20:28.676282;334;"LOOKUP RECEIVED";P4-P1
2023-02-19 21:20:33.026537;338;"LOOKUP SENT";P2-P4
2023-02-19 21:20:33.026838;338;"LOOKUP SENT";P2-P3
2023-02-19 21:20:33.027034;338;"LOOKUP SENT";P2-P1
2023-02-19 21:20:33.129475;338;"LOOKUP RECEIVED";P2-P3
2023-02-19 21:20:33.140698;338;"LOOKUP RECEIVED";P2-P4
2023-02-19 21:20:37.443347;343;"LOOKUP SENT";P4-P3
2023-02-19 21:20:37.443801;343;"LOOKUP SENT";P4-P1
2023-02-19 21:20:37.444031;343;"LOOKUP SENT";P4-P2
2023-02-19 21:20:37.505914;343;"LOOKUP RECEIVED";P4-P3
2023-02-19 21:20:37.624771;343;"LOOKUP RECEIVED";P4-P1
2023-02-19 21:20:37.669660;343;"LOOKUP RECEIVED";P4-P2
2023-02-19 21:20:38.512939;344;"LOOKUP SENT";P1-P4
2023-02-19 21:20:38.522885;344;"LOOKUP SENT";P1-P2
2023-02-19 21:20:38.529860;344;"LOOKUP SENT";P1-P3
2023-02-19 21:20:38.574753;344;"LOOKUP RECEIVED";P1-P2
2023-02-19 21:20:38.607989;344;"LOOKUP RECEIVED";P1-P3
2023-02-19 21:20:38.828795;344;"LOOKUP RECEIVED";P1-P4
2023-02-19 21:20:39.036308;344;"LOOKUP SENT";P2-P4
2023-02-19 21:20:39.036674;344;"LOOKUP SENT";P2-P3
2023-02-19 21:20:39.036947;344;"LOOKUP SENT";P2-P1
2023-02-19 21:20:39.108726;344;"LOOKUP RECEIVED";P2-P1
2023-02-19 21:20:39.141970;344;"LOOKUP RECEIVED";P2-P3
2023-02-19 21:20:39.178730;344;"LOOKUP RECEIVED";P2-P4
2023-02-19 21:20:40.674947;346;"LOOKUP SENT";P3-P2
2023-02-19 21:20:40.678241;346;"LOOKUP SENT";P3-P4
2023-02-19 21:20:40.680475;346;"LOOKUP SENT";P3-P1
2023-02-19 21:20:40.766514;346;"LOOKUP RECEIVED";P3-P1
2023-02-19 21:20:40.769707;346;"LOOKUP RECEIVED";P3-P2
2023-02-19 21:20:41.277663;346;"LOOKUP RECEIVED";P3-P4
2023-02-19 21:20:47.541832;353;"LOOKUP SENT";P1-P4
2023-02-19 21:20:47.544361;353;"LOOKUP SENT";P1-P2
2023-02-19 21:20:47.545462;353;"LOOKUP SENT";P1-P3
2023-02-19 21:20:47.601638;353;"LOOKUP RECEIVED";P1-P2
2023-02-19 21:20:47.623326;353;"LOOKUP RECEIVED";P1-P3
2023-02-19 21:20:48.624706;354;"LOOKUP RECEIVED";P1-P4
2023-02-19 21:20:49.047595;354;"LOOKUP SENT";P2-P4
2023-02-19 21:20:49.048452;354;"LOOKUP SENT";P2-P3
2023-02-19 21:20:49.048661;354;"LOOKUP SENT";P2-P1
2023-02-19 21:20:49.166324;354;"LOOKUP RECEIVED";P2-P1
2023-02-19 21:20:49.175482;354;"LOOKUP RECEIVED";P2-P3
2023-02-19 21:20:49.203024;354;"LOOKUP RECEIVED";P2-P4
2023-02-19 21:20:49.463455;355;"LOOKUP SENT";P4-P3
2023-02-19 21:20:49.464072;355;"LOOKUP SENT";P4-P1
2023-02-19 21:20:49.464469;355;"LOOKUP SENT";P4-P2
2023-02-19 21:20:49.683609;355;"LOOKUP RECEIVED";P4-P1
2023-02-19 21:20:50.171510;355;"LOOKUP RECEIVED";P4-P3
2023-02-19 21:20:51.971792;357;"LOOKUP SENT";P3-P2
2023-02-19 21:20:51.972565;357;"LOOKUP SENT";P3-P4
2023-02-19 21:20:51.974051;357;"LOOKUP SENT";P3-P1
2023-02-19 21:20:52.069473;357;"LOOKUP RECEIVED";P3-P2
2023-02-19 21:20:52.882852;358;"LOOKUP RECEIVED";P3-P4
2023-02-19 21:20:53.588083;359;"LOOKUP SENT";P1-P4
2023-02-19 21:20:53.589731;359;"LOOKUP SENT";P1-P2
2023-02-19 21:20:53.591402;359;"LOOKUP SENT";P1-P3
2023-02-19 21:20:53.647928;359;"LOOKUP RECEIVED";P1-P2
2023-02-19 21:20:53.685886;359;"LOOKUP RECEIVED";P1-P3
2023-02-19 21:20:57.908859;363;"LOOKUP RECEIVED";P1-P4
2023-02-19 21:21:00.524334;366;"LOOKUP SENT";P4-P3
2023-02-19 21:21:00.524697;366;"LOOKUP SENT";P4-P1
2023-02-19 21:21:00.525035;366;"LOOKUP SENT";P4-P2
2023-02-19 21:21:00.586200;366;"LOOKUP RECEIVED";P4-P3
2023-02-19 21:21:00.649916;366;"LOOKUP SENT";P1-P4
2023-02-19 21:21:00.651282;366;"LOOKUP SENT";P1-P2
2023-02-19 21:21:00.653458;366;"LOOKUP SENT";P1-P3
2023-02-19 21:21:00.692215;366;"LOOKUP RECEIVED";P1-P3
2023-02-19 21:21:00.712590;366;"LOOKUP RECEIVED";P4-P1
2023-02-19 21:21:00.743199;366;"LOOKUP RECEIVED";P1-P2
2023-02-19 21:21:00.815295;366;"LOOKUP RECEIVED";P1-P4
2023-02-19 21:21:02.070036;367;"LOOKUP SENT";P2-P4
2023-02-19 21:21:02.072220;367;"LOOKUP SENT";P2-P3
2023-02-19 21:21:02.074619;367;"LOOKUP SENT";P2-P1
2023-02-19 21:21:02.165923;367;"LOOKUP RECEIVED";P2-P3
2023-02-19 21:21:02.198601;367;"LOOKUP RECEIVED";P2-P1
2023-02-19 21:21:02.204806;367;"LOOKUP RECEIVED";P2-P4
2023-02-19 21:21:02.995072;368;"LOOKUP SENT";P3-P2
2023-02-19 21:21:03.002381;368;"LOOKUP SENT";P3-P4
2023-02-19 21:21:03.003045;368;"LOOKUP SENT";P3-P1
2023-02-19 21:21:03.079106;368;"LOOKUP RECEIVED";P3-P1
2023-02-19 21:21:03.087579;368;"LOOKUP RECEIVED";P3-P2
2023-02-19 21:21:04.422319;370;"LOOKUP RECEIVED";P3-P4
2023-02-19 21:21:12.167953;377;"LOOKUP SENT";P2-P4
2023-02-19 21:21:12.168283;377;"LOOKUP SENT";P2-P3
2023-02-19 21:21:12.168560;377;"LOOKUP SENT";P2-P1
2023-02-19 21:21:12.234182;377;"LOOKUP RECEIVED";P2-P1
2023-02-19 21:21:12.272178;377;"LOOKUP RECEIVED";P2-P3
2023-02-19 21:21:12.658777;378;"LOOKUP RECEIVED";P2-P4
2023-02-19 21:21:12.695007;378;"LOOKUP SENT";P1-P4
2023-02-19 21:21:12.696308;378;"LOOKUP SENT";P1-P2
2023-02-19 21:21:12.697824;378;"LOOKUP SENT";P1-P3
2023-02-19 21:21:12.738310;378;"LOOKUP RECEIVED";P1-P3
2023-02-19 21:21:12.790594;378;"LOOKUP RECEIVED";P1-P2
2023-02-19 21:21:12.858671;378;"LOOKUP RECEIVED";P1-P4
2023-02-19 21:21:13.034133;378;"LOOKUP SENT";P3-P2
2023-02-19 21:21:13.034445;378;"LOOKUP SENT";P3-P4
2023-02-19 21:21:13.034736;378;"LOOKUP SENT";P3-P1
2023-02-19 21:21:13.130305;378;"LOOKUP RECEIVED";P3-P2
2023-02-19 21:21:13.302980;378;"LOOKUP RECEIVED";P3-P4
2023-02-19 21:21:15.627718;381;"LOOKUP SENT";P4-P3
2023-02-19 21:21:15.628113;381;"LOOKUP SENT";P4-P1
2023-02-19 21:21:15.628541;381;"LOOKUP SENT";P4-P2
2023-02-19 21:21:15.825831;381;"LOOKUP RECEIVED";P4-P1
2023-02-19 21:21:15.992072;381;"LOOKUP RECEIVED";P4-P3
2023-02-19 21:21:22.177917;387;"LOOKUP SENT";P2-P4
2023-02-19 21:21:22.178234;387;"LOOKUP SENT";P2-P3
2023-02-19 21:21:22.178438;387;"LOOKUP SENT";P2-P1
2023-02-19 21:21:22.259454;387;"LOOKUP RECEIVED";P2-P1
2023-02-19 21:21:22.280904;387;"LOOKUP RECEIVED";P2-P3
2023-02-19 21:21:22.293716;387;"LOOKUP RECEIVED";P2-P4
2023-02-19 21:21:26.059450;391;"LOOKUP SENT";P3-P2
2023-02-19 21:21:26.060806;391;"LOOKUP SENT";P3-P4
2023-02-19 21:21:26.070967;391;"LOOKUP SENT";P3-P1
2023-02-19 21:21:26.136472;391;"LOOKUP RECEIVED";P3-P1
2023-02-19 21:21:26.183675;391;"LOOKUP RECEIVED";P3-P2
2023-02-19 21:21:26.272016;391;"LOOKUP RECEIVED";P3-P4
2023-02-19 21:21:26.772363;392;"LOOKUP SENT";P1-P4
2023-02-19 21:21:26.774696;392;"LOOKUP SENT";P1-P2
2023-02-19 21:21:26.777275;392;"LOOKUP SENT";P1-P3
2023-02-19 21:21:26.814283;392;"LOOKUP RECEIVED";P1-P3
2023-02-19 21:21:27.593234;393;"LOOKUP RECEIVED";P1-P2
2023-02-19 21:21:27.700084;393;"LOOKUP RECEIVED";P1-P4
2023-02-19 21:21:30.227502;395;"LOOKUP SENT";P2-P4
2023-02-19 21:21:30.227884;395;"LOOKUP SENT";P2-P3
2023-02-19 21:21:30.228225;395;"LOOKUP SENT";P2-P1
2023-02-19 21:21:30.290381;395;"LOOKUP RECEIVED";P2-P1
2023-02-19 21:21:30.321674;396;"LOOKUP RECEIVED";P2-P3
2023-02-19 21:21:30.335564;396;"LOOKUP RECEIVED";P2-P4
2023-02-19 21:21:30.641962;396;"LOOKUP SENT";P4-P3
2023-02-19 21:21:30.642358;396;"LOOKUP SENT";P4-P1
2023-02-19 21:21:30.642687;396;"LOOKUP SENT";P4-P2
2023-02-19 21:21:30.819369;396;"LOOKUP RECEIVED";P4-P1
2023-02-19 21:21:31.126592;396;"LOOKUP RECEIVED";P4-P3
2023-02-19 21:21:35.813127;401;"LOOKUP SENT";P1-P4
2023-02-19 21:21:35.813341;401;"LOOKUP SENT";P1-P2
2023-02-19 21:21:35.813533;401;"LOOKUP SENT";P1-P3
2023-02-19 21:21:36.082387;401;"LOOKUP SENT";P3-P2
2023-02-19 21:21:36.083342;401;"LOOKUP SENT";P3-P4
2023-02-19 21:21:36.084189;401;"LOOKUP SENT";P3-P1
2023-02-19 21:21:39.371544;405;"LOOKUP RECEIVED";P1-P3
2023-02-19 21:21:39.478428;405;"LOOKUP RECEIVED";P1-P2
2023-02-19 21:21:39.497569;405;"LOOKUP RECEIVED";P3-P2
2023-02-19 21:21:39.660568;405;"LOOKUP SENT";P4-P3
2023-02-19 21:21:39.661967;405;"LOOKUP SENT";P4-P1
2023-02-19 21:21:39.671420;405;"LOOKUP SENT";P4-P2
2023-02-19 21:21:39.972919;405;"LOOKUP RECEIVED";P4-P1
2023-02-19 21:21:41.256526;406;"LOOKUP RECEIVED";P1-P4
2023-02-19 21:21:41.257720;406;"LOOKUP RECEIVED";P3-P4
2023-02-19 21:21:45.297544;410;"LOOKUP SENT";P2-P4
2023-02-19 21:21:45.297862;410;"LOOKUP SENT";P2-P3
2023-02-19 21:21:45.298075;410;"LOOKUP SENT";P2-P1
2023-02-19 21:21:45.396391;411;"LOOKUP RECEIVED";P2-P3
2023-02-19 21:21:45.410731;411;"LOOKUP RECEIVED";P2-P4
2023-02-19 21:21:49.830658;415;"LOOKUP SENT";P1-P4
2023-02-19 21:21:49.831694;415;"LOOKUP SENT";P1-P2
2023-02-19 21:21:49.834174;415;"LOOKUP SENT";P1-P3
2023-02-19 21:21:49.883779;415;"LOOKUP RECEIVED";P1-P3
2023-02-19 21:21:49.924245;415;"LOOKUP RECEIVED";P1-P2
2023-02-19 21:21:49.993850;415;"LOOKUP RECEIVED";P1-P4
2023-02-19 21:21:50.098259;415;"LOOKUP SENT";P3-P2
2023-02-19 21:21:50.099043;415;"LOOKUP SENT";P3-P4
2023-02-19 21:21:50.100260;415;"LOOKUP SENT";P3-P1
2023-02-19 21:21:50.190353;415;"LOOKUP RECEIVED";P3-P1
2023-02-19 21:21:50.206141;415;"LOOKUP RECEIVED";P3-P2
2023-02-19 21:21:51.158775;416;"LOOKUP RECEIVED";P3-P4
2023-02-19 21:21:53.686070;419;"LOOKUP SENT";P4-P3
2023-02-19 21:21:53.686571;419;"LOOKUP SENT";P4-P1
2023-02-19 21:21:53.687037;419;"LOOKUP SENT";P4-P2
2023-02-19 21:21:53.871142;419;"LOOKUP RECEIVED";P4-P1
2023-02-19 21:21:53.903947;419;"LOOKUP RECEIVED";P4-P2
2023-02-19 21:21:54.581801;420;"LOOKUP RECEIVED";P4-P3
2023-02-19 21:21:55.313157;420;"LOOKUP SENT";P2-P4
2023-02-19 21:21:55.325280;421;"LOOKUP SENT";P2-P3
2023-02-19 21:21:55.326358;421;"LOOKUP SENT";P2-P1
2023-02-19 21:21:55.422211;421;"LOOKUP RECEIVED";P2-P4
2023-02-19 21:21:55.423464;421;"LOOKUP RECEIVED";P2-P3
2023-02-19 21:21:55.841674;421;"LOOKUP SENT";P1-P4
2023-02-19 21:21:55.844121;421;"LOOKUP SENT";P1-P2
2023-02-19 21:21:55.848670;421;"LOOKUP SENT";P1-P3
2023-02-19 21:21:56.663782;422;"LOOKUP RECEIVED";P1-P3
2023-02-19 21:21:56.783664;422;"LOOKUP RECEIVED";P1-P2
2023-02-19 21:21:57.777594;423;"LOOKUP RECEIVED";P1-P4
2023-02-19 21:22:04.160019;429;"LOOKUP SENT";P3-P2
2023-02-19 21:22:04.161509;429;"LOOKUP SENT";P3-P4
2023-02-19 21:22:04.162793;429;"LOOKUP SENT";P3-P1
2023-02-19 21:22:04.351152;430;"LOOKUP SENT";P2-P4
2023-02-19 21:22:04.352961;430;"LOOKUP SENT";P2-P3
2023-02-19 21:22:04.353510;430;"LOOKUP SENT";P2-P1
2023-02-19 21:22:04.485650;430;"LOOKUP RECEIVED";P3-P1
2023-02-19 21:22:04.488384;430;"LOOKUP RECEIVED";P2-P1
2023-02-19 21:22:04.540111;430;"LOOKUP RECEIVED";P2-P4
2023-02-19 21:22:04.540689;430;"LOOKUP RECEIVED";P3-P2
2023-02-19 21:22:04.564067;430;"LOOKUP RECEIVED";P3-P4
2023-02-19 21:22:05.511344;431;"LOOKUP RECEIVED";P2-P3
2023-02-19 21:22:05.750509;431;"LOOKUP SENT";P4-P3
2023-02-19 21:22:05.750923;431;"LOOKUP SENT";P4-P1
2023-02-19 21:22:05.752439;431;"LOOKUP SENT";P4-P2
2023-02-19 21:22:05.873663;431;"LOOKUP RECEIVED";P4-P2
2023-02-19 21:22:05.928896;431;"LOOKUP RECEIVED";P4-P1
2023-02-19 21:22:06.164310;431;"LOOKUP RECEIVED";P4-P3
2023-02-19 21:22:10.768367;436;"LOOKUP SENT";P4-P3
2023-02-19 21:22:10.768785;436;"LOOKUP SENT";P4-P1
2023-02-19 21:22:10.768991;436;"LOOKUP SENT";P4-P2
2023-02-19 21:22:10.865452;436;"LOOKUP SENT";P1-P4
2023-02-19 21:22:10.867460;436;"LOOKUP SENT";P1-P2
2023-02-19 21:22:10.870752;436;"LOOKUP SENT";P1-P3
2023-02-19 21:22:10.887418;436;"LOOKUP RECEIVED";P4-P2
2023-02-19 21:22:10.907095;436;"LOOKUP RECEIVED";P1-P3
2023-02-19 21:22:10.941689;436;"LOOKUP RECEIVED";P4-P1
2023-02-19 21:22:10.962538;436;"LOOKUP RECEIVED";P1-P2
2023-02-19 21:22:11.038855;436;"LOOKUP RECEIVED";P1-P4
2023-02-19 21:22:11.814733;437;"LOOKUP RECEIVED";P4-P3
2023-02-19 21:22:12.372941;438;"LOOKUP SENT";P2-P4
2023-02-19 21:22:12.374951;438;"LOOKUP SENT";P2-P3
2023-02-19 21:22:12.376562;438;"LOOKUP SENT";P2-P1
2023-02-19 21:22:12.479492;438;"LOOKUP RECEIVED";P2-P3
2023-02-19 21:22:12.484813;438;"LOOKUP RECEIVED";P2-P4
2023-02-19 21:22:12.512342;438;"LOOKUP RECEIVED";P2-P1
2023-02-19 21:22:17.173974;442;"LOOKUP SENT";P3-P2
2023-02-19 21:22:17.174379;442;"LOOKUP SENT";P3-P4
2023-02-19 21:22:17.174693;442;"LOOKUP SENT";P3-P1
2023-02-19 21:22:17.224821;442;"LOOKUP RECEIVED";P3-P1
2023-02-19 21:22:17.279206;442;"LOOKUP RECEIVED";P3-P2
2023-02-19 21:22:20.386491;446;"LOOKUP SENT";P2-P4
2023-02-19 21:22:20.387203;446;"LOOKUP SENT";P2-P3
2023-02-19 21:22:20.388399;446;"LOOKUP SENT";P2-P1
2023-02-19 21:22:21.943299;447;"LOOKUP SENT";P1-P4
2023-02-19 21:22:21.972395;447;"LOOKUP SENT";P1-P2
2023-02-19 21:22:21.982834;447;"LOOKUP SENT";P1-P3
2023-02-19 21:22:22.261593;447;"LOOKUP SENT";P3-P2
2023-02-19 21:22:22.262435;447;"LOOKUP SENT";P3-P4
2023-02-19 21:22:22.272670;447;"LOOKUP SENT";P3-P1
2023-02-19 21:22:22.789907;448;"LOOKUP SENT";P4-P3
2023-02-19 21:22:22.790180;448;"LOOKUP SENT";P4-P1
2023-02-19 21:22:22.790416;448;"LOOKUP SENT";P4-P2
2023-02-19 21:22:25.268294;450;"LOOKUP RECEIVED";P3-P1
2023-02-19 21:22:25.284121;450;"LOOKUP RECEIVED";P1-P3
2023-02-19 21:22:25.294173;450;"LOOKUP RECEIVED";P2-P4
2023-02-19 21:22:25.325049;451;"LOOKUP RECEIVED";P2-P3
2023-02-19 21:22:25.374240;451;"LOOKUP RECEIVED";P4-P1
2023-02-19 21:22:25.397809;451;"LOOKUP SENT";P2-P4
2023-02-19 21:22:25.398853;451;"LOOKUP SENT";P2-P3
2023-02-19 21:22:25.399467;451;"LOOKUP SENT";P2-P1
2023-02-19 21:22:25.406447;451;"LOOKUP RECEIVED";P1-P4
2023-02-19 21:22:25.504533;451;"LOOKUP RECEIVED";P2-P3
2023-02-19 21:22:25.505072;451;"LOOKUP RECEIVED";P2-P4
2023-02-19 21:22:25.535831;451;"LOOKUP RECEIVED";P4-P3
2023-02-19 21:22:25.607635;451;"LOOKUP RECEIVED";P1-P2
2023-02-19 21:22:28.479890;454;"LOOKUP RECEIVED";P3-P4
2023-02-19 21:22:28.839006;454;"LOOKUP RECEIVED";P3-P4
2023-02-19 21:22:29.798054;455;"LOOKUP SENT";P4-P3
2023-02-19 21:22:29.798566;455;"LOOKUP SENT";P4-P1
2023-02-19 21:22:29.799017;455;"LOOKUP SENT";P4-P2
2023-02-19 21:22:29.861633;455;"LOOKUP RECEIVED";P4-P3
2023-02-19 21:22:29.940709;455;"LOOKUP RECEIVED";P4-P2
2023-02-19 21:22:29.994623;455;"LOOKUP RECEIVED";P4-P1
2023-02-19 21:22:36.311759;461;"LOOKUP SENT";P3-P2
2023-02-19 21:22:36.314375;461;"LOOKUP SENT";P3-P4
2023-02-19 21:22:36.314806;461;"LOOKUP SENT";P3-P1
2023-02-19 21:22:36.401593;462;"LOOKUP RECEIVED";P3-P1
2023-02-19 21:22:36.408724;462;"LOOKUP RECEIVED";P3-P2
2023-02-19 21:22:37.023678;462;"LOOKUP SENT";P1-P4
2023-02-19 21:22:37.024940;462;"LOOKUP SENT";P1-P2
2023-02-19 21:22:37.026276;462;"LOOKUP SENT";P1-P3
2023-02-19 21:22:37.063620;462;"LOOKUP RECEIVED";P1-P3
2023-02-19 21:22:37.131983;462;"LOOKUP RECEIVED";P1-P2
2023-02-19 21:22:37.188374;462;"LOOKUP RECEIVED";P1-P4
2023-02-19 21:22:37.454948;463;"LOOKUP SENT";P2-P4
2023-02-19 21:22:37.455470;463;"LOOKUP SENT";P2-P3
2023-02-19 21:22:37.455871;463;"LOOKUP SENT";P2-P1
2023-02-19 21:22:37.524695;463;"LOOKUP RECEIVED";P2-P1
2023-02-19 21:22:37.579204;463;"LOOKUP RECEIVED";P2-P4
2023-02-19 21:22:39.806854;465;"LOOKUP SENT";P4-P3
2023-02-19 21:22:39.807369;465;"LOOKUP SENT";P4-P1
2023-02-19 21:22:39.807811;465;"LOOKUP SENT";P4-P2
2023-02-19 21:22:39.872499;465;"LOOKUP RECEIVED";P4-P3
2023-02-19 21:22:39.992073;465;"LOOKUP RECEIVED";P4-P1
2023-02-19 21:22:40.031286;465;"LOOKUP RECEIVED";P4-P2
2023-02-19 21:22:40.738643;466;"LOOKUP RECEIVED";P3-P4
2023-02-19 21:22:45.038984;470;"LOOKUP SENT";P1-P4
2023-02-19 21:22:45.040303;470;"LOOKUP SENT";P1-P2
2023-02-19 21:22:45.041524;470;"LOOKUP SENT";P1-P3
2023-02-19 21:22:45.082453;470;"LOOKUP RECEIVED";P1-P3
2023-02-19 21:22:45.242517;470;"LOOKUP RECEIVED";P1-P4
2023-02-19 21:22:45.636574;471;"LOOKUP RECEIVED";P1-P2
2023-02-19 21:22:46.855243;472;"LOOKUP SENT";P4-P3
2023-02-19 21:22:46.855626;472;"LOOKUP SENT";P4-P1
2023-02-19 21:22:46.856093;472;"LOOKUP SENT";P4-P2
2023-02-19 21:22:46.991781;472;"LOOKUP RECEIVED";P4-P2
2023-02-19 21:22:46.993321;472;"LOOKUP RECEIVED";P4-P3
2023-02-19 21:22:47.047310;472;"LOOKUP RECEIVED";P4-P1
2023-02-19 21:22:47.466359;473;"LOOKUP SENT";P2-P4
2023-02-19 21:22:47.466916;473;"LOOKUP SENT";P2-P3
2023-02-19 21:22:47.467411;473;"LOOKUP SENT";P2-P1
2023-02-19 21:22:47.530399;473;"LOOKUP RECEIVED";P2-P1
2023-02-19 21:22:47.580976;473;"LOOKUP RECEIVED";P2-P4
2023-02-19 21:22:48.762752;474;"LOOKUP RECEIVED";P2-P3
2023-02-19 21:22:51.330330;477;"LOOKUP SENT";P3-P2
2023-02-19 21:22:51.330871;477;"LOOKUP SENT";P3-P4
2023-02-19 21:22:51.331895;477;"LOOKUP SENT";P3-P1
2023-02-19 21:22:52.469139;478;"LOOKUP RECEIVED";P3-P4
2023-02-19 21:22:52.486057;478;"LOOKUP RECEIVED";P3-P1
2023-02-19 21:22:53.475005;479;"LOOKUP RECEIVED";P3-P2
2023-02-19 21:22:54.050876;479;"LOOKUP SENT";P1-P4
2023-02-19 21:22:54.052159;479;"LOOKUP SENT";P1-P2
2023-02-19 21:22:54.053257;479;"LOOKUP SENT";P1-P3
2023-02-19 21:22:54.093469;479;"LOOKUP RECEIVED";P1-P3
2023-02-19 21:22:54.144359;479;"LOOKUP RECEIVED";P1-P2
2023-02-19 21:22:54.213438;479;"LOOKUP RECEIVED";P1-P4
2023-02-19 21:22:56.474122;482;"LOOKUP SENT";P2-P4
2023-02-19 21:22:56.475079;482;"LOOKUP SENT";P2-P3
2023-02-19 21:22:56.476111;482;"LOOKUP SENT";P2-P1
2023-02-19 21:22:56.534106;482;"LOOKUP RECEIVED";P2-P1
2023-02-19 21:22:57.846865;483;"LOOKUP RECEIVED";P2-P4
2023-02-19 21:22:58.934383;484;"LOOKUP RECEIVED";P2-P3
2023-02-19 21:22:59.161867;484;"LOOKUP SENT";P1-P4
2023-02-19 21:22:59.163309;484;"LOOKUP SENT";P1-P2
2023-02-19 21:22:59.164080;484;"LOOKUP SENT";P1-P3
2023-02-19 21:22:59.217957;484;"LOOKUP RECEIVED";P1-P3
2023-02-19 21:22:59.340157;485;"LOOKUP SENT";P3-P2
2023-02-19 21:22:59.343109;485;"LOOKUP SENT";P3-P4
2023-02-19 21:22:59.344778;485;"LOOKUP SENT";P3-P1
2023-02-19 21:22:59.357256;485;"LOOKUP RECEIVED";P1-P4
2023-02-19 21:22:59.428643;485;"LOOKUP RECEIVED";P3-P1
2023-02-19 21:22:59.444483;485;"LOOKUP RECEIVED";P1-P2
2023-02-19 21:22:59.444926;485;"LOOKUP RECEIVED";P3-P2
2023-02-19 21:22:59.866071;485;"LOOKUP SENT";P4-P3
2023-02-19 21:22:59.866574;485;"LOOKUP SENT";P4-P1
2023-02-19 21:22:59.867047;485;"LOOKUP SENT";P4-P2
2023-02-19 21:23:00.041411;485;"LOOKUP RECEIVED";P4-P1
2023-02-19 21:23:00.066416;485;"LOOKUP RECEIVED";P4-P3
2023-02-19 21:23:00.087251;485;"LOOKUP RECEIVED";P4-P2
2023-02-19 21:23:05.029478;490;"LOOKUP RECEIVED";P3-P4
2023-02-19 21:23:05.871445;491;"LOOKUP SENT";P4-P3
2023-02-19 21:23:05.872726;491;"LOOKUP SENT";P4-P1
2023-02-19 21:23:05.874791;491;"LOOKUP SENT";P4-P2
2023-02-19 21:23:06.042491;491;"LOOKUP RECEIVED";P4-P1
2023-02-19 21:23:06.098107;491;"LOOKUP RECEIVED";P4-P2
2023-02-19 21:23:06.431134;492;"LOOKUP RECEIVED";P4-P3
2023-02-19 21:23:06.486171;492;"LOOKUP SENT";P2-P4
2023-02-19 21:23:06.486720;492;"LOOKUP SENT";P2-P3
2023-02-19 21:23:06.487219;492;"LOOKUP SENT";P2-P1
2023-02-19 21:23:06.544704;492;"LOOKUP RECEIVED";P2-P1
2023-02-19 21:23:06.592923;492;"LOOKUP RECEIVED";P2-P4
2023-02-19 21:23:08.176835;493;"LOOKUP SENT";P1-P4
2023-02-19 21:23:08.178171;493;"LOOKUP SENT";P1-P2
2023-02-19 21:23:08.179361;493;"LOOKUP SENT";P1-P3
2023-02-19 21:23:08.215415;493;"LOOKUP RECEIVED";P1-P3
2023-02-19 21:23:08.269096;493;"LOOKUP RECEIVED";P1-P2
2023-02-19 21:23:08.341003;494;"LOOKUP RECEIVED";P1-P4
2023-02-19 21:23:10.354108;496;"LOOKUP SENT";P3-P2
2023-02-19 21:23:10.354526;496;"LOOKUP SENT";P3-P4
2023-02-19 21:23:10.354854;496;"LOOKUP SENT";P3-P1
2023-02-19 21:23:10.441669;496;"LOOKUP RECEIVED";P3-P1
2023-02-19 21:23:10.448197;496;"LOOKUP RECEIVED";P3-P2
2023-02-19 21:23:11.490053;497;"LOOKUP SENT";P2-P4
2023-02-19 21:23:11.490563;497;"LOOKUP SENT";P2-P3
2023-02-19 21:23:11.491027;497;"LOOKUP SENT";P2-P1
2023-02-19 21:23:11.560000;497;"LOOKUP RECEIVED";P2-P1
2023-02-19 21:23:11.612812;497;"LOOKUP RECEIVED";P2-P4
2023-02-19 21:23:12.882120;498;"LOOKUP SENT";P4-P3
2023-02-19 21:23:12.883165;498;"LOOKUP SENT";P4-P1
2023-02-19 21:23:12.884053;498;"LOOKUP SENT";P4-P2
2023-02-19 21:23:13.467659;499;"LOOKUP RECEIVED";P4-P3
2023-02-19 21:23:13.993758;499;"LOOKUP RECEIVED";P4-P1
2023-02-19 21:23:14.684535;500;"LOOKUP RECEIVED";P3-P4
2023-02-19 21:23:17.886099;503;"LOOKUP SENT";P4-P3
2023-02-19 21:23:17.886631;503;"LOOKUP SENT";P4-P1
2023-02-19 21:23:17.887107;503;"LOOKUP SENT";P4-P2
2023-02-19 21:23:18.105394;503;"LOOKUP RECEIVED";P4-P1
2023-02-19 21:23:18.366444;504;"LOOKUP SENT";P3-P2
2023-02-19 21:23:18.367038;504;"LOOKUP SENT";P3-P4
2023-02-19 21:23:18.367580;504;"LOOKUP SENT";P3-P1
2023-02-19 21:23:18.386211;504;"LOOKUP RECEIVED";P4-P3
2023-02-19 21:23:18.418778;504;"LOOKUP RECEIVED";P3-P1
2023-02-19 21:23:18.429335;504;"LOOKUP RECEIVED";P3-P4
2023-02-19 21:23:18.488213;504;"LOOKUP RECEIVED";P3-P2
2023-02-19 21:23:20.498139;506;"LOOKUP SENT";P2-P4
2023-02-19 21:23:20.498645;506;"LOOKUP SENT";P2-P3
2023-02-19 21:23:20.499123;506;"LOOKUP SENT";P2-P1
2023-02-19 21:23:20.561085;506;"LOOKUP RECEIVED";P2-P1
2023-02-19 21:23:20.612521;506;"LOOKUP RECEIVED";P2-P4
2023-02-19 21:23:20.906053;506;"LOOKUP RECEIVED";P2-P3
2023-02-19 21:23:22.210338;507;"LOOKUP SENT";P1-P4
2023-02-19 21:23:22.210732;507;"LOOKUP SENT";P1-P2
2023-02-19 21:23:22.222376;507;"LOOKUP SENT";P1-P3
2023-02-19 21:23:22.256035;507;"LOOKUP RECEIVED";P1-P3
2023-02-19 21:23:22.311088;507;"LOOKUP RECEIVED";P1-P2
2023-02-19 21:23:22.381062;508;"LOOKUP RECEIVED";P1-P4
2023-02-19 21:23:23.890043;509;"LOOKUP SENT";P4-P3
2023-02-19 21:23:23.890546;509;"LOOKUP SENT";P4-P1
2023-02-19 21:23:23.891010;509;"LOOKUP SENT";P4-P2
2023-02-19 21:23:24.012940;509;"LOOKUP RECEIVED";P4-P2
2023-02-19 21:23:24.068341;509;"LOOKUP RECEIVED";P4-P1
2023-02-19 21:23:24.420747;510;"LOOKUP RECEIVED";P4-P3
2023-02-19 21:23:31.378376;517;"LOOKUP SENT";P3-P2
2023-02-19 21:23:31.378855;517;"LOOKUP SENT";P3-P4
2023-02-19 21:23:31.379387;517;"LOOKUP SENT";P3-P1
2023-02-19 21:23:31.436778;517;"LOOKUP RECEIVED";P3-P1
2023-02-19 21:23:31.490189;517;"LOOKUP RECEIVED";P3-P2
2023-02-19 21:23:32.789568;518;"LOOKUP RECEIVED";P3-P4
2023-02-19 21:23:33.598718;519;"LOOKUP SENT";P2-P4
2023-02-19 21:23:33.599046;519;"LOOKUP SENT";P2-P3
2023-02-19 21:23:33.599655;519;"LOOKUP SENT";P2-P1
2023-02-19 21:23:33.658644;519;"LOOKUP RECEIVED";P2-P1
2023-02-19 21:23:33.709503;519;"LOOKUP RECEIVED";P2-P4
2023-02-19 21:23:34.011837;519;"LOOKUP RECEIVED";P2-P3
2023-02-19 21:23:35.252301;520;"LOOKUP SENT";P1-P4
2023-02-19 21:23:35.254586;520;"LOOKUP SENT";P1-P2
2023-02-19 21:23:35.255872;520;"LOOKUP SENT";P1-P3
2023-02-19 21:23:35.309074;520;"LOOKUP RECEIVED";P1-P3
2023-02-19 21:23:35.346706;521;"LOOKUP RECEIVED";P1-P2
2023-02-19 21:23:35.418603;521;"LOOKUP RECEIVED";P1-P4
2023-02-19 21:23:37.386792;523;"LOOKUP SENT";P3-P2
2023-02-19 21:23:37.387368;523;"LOOKUP SENT";P3-P4
2023-02-19 21:23:37.387992;523;"LOOKUP SENT";P3-P1
2023-02-19 21:23:37.597872;523;"LOOKUP RECEIVED";P3-P1
2023-02-19 21:23:37.676782;523;"LOOKUP RECEIVED";P3-P4
2023-02-19 21:23:37.902169;523;"LOOKUP SENT";P4-P3
2023-02-19 21:23:37.902667;523;"LOOKUP SENT";P4-P1
2023-02-19 21:23:37.903186;523;"LOOKUP SENT";P4-P2
2023-02-19 21:23:38.046175;523;"LOOKUP RECEIVED";P4-P3
2023-02-19 21:23:38.643982;524;"LOOKUP RECEIVED";P3-P2
2023-02-19 21:23:38.767235;524;"LOOKUP RECEIVED";P4-P1
2023-02-19 21:23:41.262813;526;"LOOKUP SENT";P1-P4
2023-02-19 21:23:41.264206;526;"LOOKUP SENT";P1-P2
2023-02-19 21:23:41.265343;526;"LOOKUP SENT";P1-P3
2023-02-19 21:23:41.829077;527;"LOOKUP RECEIVED";P1-P3
2023-02-19 21:23:42.105825;527;"LOOKUP RECEIVED";P1-P2
2023-02-19 21:23:42.607938;528;"LOOKUP SENT";P2-P4
2023-02-19 21:23:42.611162;528;"LOOKUP SENT";P2-P3
2023-02-19 21:23:42.613162;528;"LOOKUP SENT";P2-P1
2023-02-19 21:23:42.673439;528;"LOOKUP RECEIVED";P2-P1
2023-02-19 21:23:42.903130;528;"LOOKUP RECEIVED";P1-P4
2023-02-19 21:23:42.904331;528;"LOOKUP RECEIVED";P2-P4
2023-02-19 21:23:44.394658;530;"LOOKUP SENT";P3-P2
2023-02-19 21:23:44.395161;530;"LOOKUP SENT";P3-P4
2023-02-19 21:23:44.395750;530;"LOOKUP SENT";P3-P1
2023-02-19 21:23:44.484073;530;"LOOKUP RECEIVED";P3-P1
2023-02-19 21:23:44.491153;530;"LOOKUP RECEIVED";P3-P2
2023-02-19 21:23:47.118634;532;"LOOKUP RECEIVED";P3-P4
2023-02-19 21:23:51.277569;536;"LOOKUP SENT";P1-P4
2023-02-19 21:23:51.278984;536;"LOOKUP SENT";P1-P2
2023-02-19 21:23:51.280355;536;"LOOKUP SENT";P1-P3
2023-02-19 21:23:51.330061;537;"LOOKUP RECEIVED";P1-P3
2023-02-19 21:23:51.375283;537;"LOOKUP RECEIVED";P1-P2
2023-02-19 21:23:51.442770;537;"LOOKUP RECEIVED";P1-P4
2023-02-19 21:23:51.914144;537;"LOOKUP SENT";P4-P3
2023-02-19 21:23:51.914765;537;"LOOKUP SENT";P4-P1
2023-02-19 21:23:51.915210;537;"LOOKUP SENT";P4-P2
2023-02-19 21:23:52.088913;537;"LOOKUP RECEIVED";P4-P1
2023-02-19 21:23:52.133524;537;"LOOKUP RECEIVED";P4-P2
2023-02-19 21:23:52.304716;537;"LOOKUP RECEIVED";P4-P3
2023-02-19 21:23:52.622054;538;"LOOKUP SENT";P2-P4
2023-02-19 21:23:52.622867;538;"LOOKUP SENT";P2-P3
2023-02-19 21:23:52.623356;538;"LOOKUP SENT";P2-P1
2023-02-19 21:23:52.680752;538;"LOOKUP RECEIVED";P2-P1
2023-02-19 21:23:52.730319;538;"LOOKUP RECEIVED";P2-P4
2023-02-19 21:23:52.846790;538;"LOOKUP RECEIVED";P2-P3
2023-02-19 21:23:55.407357;541;"LOOKUP SENT";P3-P2
2023-02-19 21:23:55.408051;541;"LOOKUP SENT";P3-P4
2023-02-19 21:23:55.408699;541;"LOOKUP SENT";P3-P1
2023-02-19 21:23:55.499303;541;"LOOKUP RECEIVED";P3-P1
2023-02-19 21:23:55.517856;541;"LOOKUP RECEIVED";P3-P2
2023-02-19 21:23:55.943167;541;"LOOKUP RECEIVED";P3-P4
2023-02-19 21:23:56.918070;542;"LOOKUP SENT";P4-P3
2023-02-19 21:23:56.918652;542;"LOOKUP SENT";P4-P1
2023-02-19 21:23:56.918962;542;"LOOKUP SENT";P4-P2
2023-02-19 21:23:57.969873;543;"LOOKUP RECEIVED";P4-P3
2023-02-19 21:23:57.978142;543;"LOOKUP RECEIVED";P4-P2
2023-02-19 21:23:59.033760;544;"LOOKUP RECEIVED";P4-P1
2023-02-19 21:23:59.630410;545;"LOOKUP SENT";P2-P4
2023-02-19 21:23:59.630748;545;"LOOKUP SENT";P2-P3
2023-02-19 21:23:59.631193;545;"LOOKUP SENT";P2-P1
2023-02-19 21:23:59.700495;545;"LOOKUP RECEIVED";P2-P1
2023-02-19 21:23:59.754688;545;"LOOKUP RECEIVED";P2-P4
2023-02-19 21:24:00.860915;546;"LOOKUP RECEIVED";P2-P3
2023-02-19 21:24:01.291431;546;"LOOKUP SENT";P1-P4
2023-02-19 21:24:01.292676;546;"LOOKUP SENT";P1-P2
2023-02-19 21:24:01.293175;546;"LOOKUP SENT";P1-P3
2023-02-19 21:24:01.331404;547;"LOOKUP RECEIVED";P1-P3
2023-02-19 21:24:01.488879;547;"LOOKUP RECEIVED";P1-P4
2023-02-19 21:24:02.135568;547;"LOOKUP RECEIVED";P1-P2
2023-02-19 21:24:07.419154;553;"LOOKUP SENT";P3-P2
2023-02-19 21:24:07.420248;553;"LOOKUP SENT";P3-P4
2023-02-19 21:24:07.422650;553;"LOOKUP SENT";P3-P1
2023-02-19 21:24:07.634285;553;"LOOKUP RECEIVED";P3-P1
2023-02-19 21:24:08.675151;554;"LOOKUP RECEIVED";P3-P2
2023-02-19 21:24:08.796720;554;"LOOKUP RECEIVED";P3-P4
2023-02-19 21:24:09.932217;555;"LOOKUP SENT";P4-P3
2023-02-19 21:24:09.932536;555;"LOOKUP SENT";P4-P1
2023-02-19 21:24:09.932848;555;"LOOKUP SENT";P4-P2
2023-02-19 21:24:10.108565;555;"LOOKUP RECEIVED";P4-P1
2023-02-19 21:24:10.111856;555;"LOOKUP RECEIVED";P4-P3
2023-02-19 21:24:11.305215;556;"LOOKUP SENT";P1-P4
2023-02-19 21:24:11.306176;556;"LOOKUP SENT";P1-P2
2023-02-19 21:24:11.308059;556;"LOOKUP SENT";P1-P3
2023-02-19 21:24:11.347429;557;"LOOKUP RECEIVED";P1-P3
2023-02-19 21:24:11.476387;557;"LOOKUP RECEIVED";P1-P4
2023-02-19 21:24:13.007291;558;"LOOKUP RECEIVED";P1-P2
2023-02-19 21:24:14.646056;560;"LOOKUP SENT";P2-P4
2023-02-19 21:24:14.646394;560;"LOOKUP SENT";P2-P3
2023-02-19 21:24:14.647080;560;"LOOKUP SENT";P2-P1
2023-02-19 21:24:14.726568;560;"LOOKUP RECEIVED";P2-P1
2023-02-19 21:24:14.802135;560;"LOOKUP RECEIVED";P2-P4
2023-02-19 21:24:16.320174;562;"LOOKUP RECEIVED";P2-P3
2023-02-19 21:24:16.940299;562;"LOOKUP SENT";P4-P3
2023-02-19 21:24:16.940619;562;"LOOKUP SENT";P4-P1
2023-02-19 21:24:16.941036;562;"LOOKUP SENT";P4-P2
2023-02-19 21:24:17.192236;562;"LOOKUP RECEIVED";P4-P1
2023-02-19 21:24:17.759558;563;"LOOKUP RECEIVED";P4-P3
2023-02-19 21:24:18.316448;564;"LOOKUP SENT";P1-P4
2023-02-19 21:24:18.318603;564;"LOOKUP SENT";P1-P2
2023-02-19 21:24:18.318971;564;"LOOKUP SENT";P1-P3
2023-02-19 21:24:18.363984;564;"LOOKUP RECEIVED";P1-P3
2023-02-19 21:24:18.435322;564;"LOOKUP SENT";P3-P2
2023-02-19 21:24:18.435987;564;"LOOKUP SENT";P3-P4
2023-02-19 21:24:18.436619;564;"LOOKUP SENT";P3-P1
2023-02-19 21:24:18.485603;564;"LOOKUP RECEIVED";P1-P4
2023-02-19 21:24:18.496133;564;"LOOKUP RECEIVED";P3-P4
2023-02-19 21:24:18.538756;564;"LOOKUP RECEIVED";P1-P2
2023-02-19 21:24:18.539665;564;"LOOKUP RECEIVED";P3-P2
2023-02-19 21:24:24.322870;570;"LOOKUP SENT";P1-P4
2023-02-19 21:24:24.324061;570;"LOOKUP SENT";P1-P2
2023-02-19 21:24:24.324770;570;"LOOKUP SENT";P1-P3
2023-02-19 21:24:24.365880;570;"LOOKUP RECEIVED";P1-P3
2023-02-19 21:24:24.512015;570;"LOOKUP RECEIVED";P1-P4
2023-02-19 21:24:24.945800;570;"LOOKUP SENT";P4-P3
2023-02-19 21:24:24.946110;570;"LOOKUP SENT";P4-P1
2023-02-19 21:24:24.946402;570;"LOOKUP SENT";P4-P2
2023-02-19 21:24:25.010135;570;"LOOKUP RECEIVED";P4-P3
2023-02-19 21:24:25.133708;570;"LOOKUP RECEIVED";P4-P1
2023-02-19 21:24:25.808232;571;"LOOKUP RECEIVED";P1-P2
2023-02-19 21:24:27.662055;573;"LOOKUP SENT";P2-P4
2023-02-19 21:24:27.663407;573;"LOOKUP SENT";P2-P3
2023-02-19 21:24:27.663979;573;"LOOKUP SENT";P2-P1
2023-02-19 21:24:27.724002;573;"LOOKUP RECEIVED";P2-P1
2023-02-19 21:24:27.946750;573;"LOOKUP RECEIVED";P2-P4
2023-02-19 21:24:28.445952;574;"LOOKUP SENT";P3-P2
2023-02-19 21:24:28.446353;574;"LOOKUP SENT";P3-P4
2023-02-19 21:24:28.446688;574;"LOOKUP SENT";P3-P1
2023-02-19 21:24:28.552831;574;"LOOKUP RECEIVED";P3-P2
2023-02-19 21:24:28.807654;574;"LOOKUP RECEIVED";P3-P4
2023-02-19 21:24:29.000385;574;"LOOKUP RECEIVED";P2-P3
2023-02-19 21:24:33.083254;578;"LOOKUP SENT";P4-P3
2023-02-19 21:24:33.083575;578;"LOOKUP SENT";P4-P1
2023-02-19 21:24:33.083861;578;"LOOKUP SENT";P4-P2
2023-02-19 21:24:33.138462;578;"LOOKUP RECEIVED";P4-P3
2023-02-19 21:24:33.253220;578;"LOOKUP RECEIVED";P4-P1
2023-02-19 21:24:33.560129;579;"LOOKUP SENT";P3-P2
2023-02-19 21:24:33.560456;579;"LOOKUP SENT";P3-P4
2023-02-19 21:24:33.567019;579;"LOOKUP SENT";P3-P1
2023-02-19 21:24:33.660791;579;"LOOKUP RECEIVED";P3-P2
2023-02-19 21:24:34.655408;580;"LOOKUP RECEIVED";P3-P1
2023-02-19 21:24:34.683347;580;"LOOKUP RECEIVED";P3-P4
2023-02-19 21:24:35.334865;581;"LOOKUP SENT";P1-P4
2023-02-19 21:24:35.335834;581;"LOOKUP SENT";P1-P2
2023-02-19 21:24:35.336634;581;"LOOKUP SENT";P1-P3
2023-02-19 21:24:35.558260;581;"LOOKUP RECEIVED";P1-P4
2023-02-19 21:24:35.704520;581;"LOOKUP RECEIVED";P1-P3
2023-02-19 21:24:35.822880;581;"LOOKUP RECEIVED";P1-P2
2023-02-19 21:24:36.675040;582;"LOOKUP SENT";P2-P4
2023-02-19 21:24:36.676629;582;"LOOKUP SENT";P2-P3
2023-02-19 21:24:36.677276;582;"LOOKUP SENT";P2-P1
2023-02-19 21:24:37.658284;583;"LOOKUP RECEIVED";P2-P1
2023-02-19 21:24:37.768324;583;"LOOKUP RECEIVED";P2-P4
2023-02-19 21:24:38.290725;583;"LOOKUP RECEIVED";P2-P3
2023-02-19 21:24:40.342780;586;"LOOKUP SENT";P1-P4
2023-02-19 21:24:40.343886;586;"LOOKUP SENT";P1-P2
2023-02-19 21:24:40.344777;586;"LOOKUP SENT";P1-P3
2023-02-19 21:24:40.388475;586;"LOOKUP RECEIVED";P1-P3
2023-02-19 21:24:40.512129;586;"LOOKUP RECEIVED";P1-P4
2023-02-19 21:24:40.830614;586;"LOOKUP RECEIVED";P1-P2
2023-02-19 21:24:41.089941;586;"LOOKUP SENT";P4-P3
2023-02-19 21:24:41.090341;586;"LOOKUP SENT";P4-P1
2023-02-19 21:24:41.090732;586;"LOOKUP SENT";P4-P2
2023-02-19 21:24:41.260038;586;"LOOKUP RECEIVED";P4-P1
2023-02-19 21:24:41.305549;586;"LOOKUP RECEIVED";P4-P2
2023-02-19 21:24:41.763976;587;"LOOKUP RECEIVED";P4-P3
2023-02-19 21:24:42.578284;588;"LOOKUP SENT";P3-P2
2023-02-19 21:24:42.579158;588;"LOOKUP SENT";P3-P4
2023-02-19 21:24:42.579741;588;"LOOKUP SENT";P3-P1
2023-02-19 21:24:42.677754;588;"LOOKUP RECEIVED";P3-P2
2023-02-19 21:24:42.849076;588;"LOOKUP RECEIVED";P3-P4
2023-02-19 21:24:44.685963;590;"LOOKUP SENT";P2-P4
2023-02-19 21:24:44.686283;590;"LOOKUP SENT";P2-P3
2023-02-19 21:24:44.686686;590;"LOOKUP SENT";P2-P1
2023-02-19 21:24:44.752621;590;"LOOKUP RECEIVED";P2-P1
2023-02-19 21:24:44.801693;590;"LOOKUP RECEIVED";P2-P4
2023-02-19 21:24:48.586356;594;"LOOKUP SENT";P3-P2
2023-02-19 21:24:48.586695;594;"LOOKUP SENT";P3-P4
2023-02-19 21:24:48.587977;594;"LOOKUP SENT";P3-P1
2023-02-19 21:24:48.640154;594;"LOOKUP RECEIVED";P3-P4
2023-02-19 21:24:48.679024;594;"LOOKUP RECEIVED";P3-P2
2023-02-19 21:24:48.680118;594;"LOOKUP RECEIVED";P3-P1
2023-02-19 21:24:52.104821;597;"LOOKUP SENT";P4-P3
2023-02-19 21:24:52.105153;597;"LOOKUP SENT";P4-P1
2023-02-19 21:24:52.105531;597;"LOOKUP SENT";P4-P2
2023-02-19 21:24:52.173703;597;"LOOKUP RECEIVED";P4-P3
2023-02-19 21:24:52.342881;598;"LOOKUP RECEIVED";P4-P1
2023-02-19 21:24:53.359129;599;"LOOKUP SENT";P1-P4
2023-02-19 21:24:53.364984;599;"LOOKUP SENT";P1-P2
2023-02-19 21:24:53.366880;599;"LOOKUP SENT";P1-P3
2023-02-19 21:24:53.405130;599;"LOOKUP RECEIVED";P1-P3
2023-02-19 21:24:53.464555;599;"LOOKUP RECEIVED";P1-P2
2023-02-19 21:24:53.538207;599;"LOOKUP RECEIVED";P1-P4
2023-02-19 21:24:55.705715;601;"LOOKUP SENT";P2-P4
2023-02-19 21:24:55.707274;601;"LOOKUP SENT";P2-P3
2023-02-19 21:24:55.709268;601;"LOOKUP SENT";P2-P1
2023-02-19 21:24:55.769700;601;"LOOKUP RECEIVED";P2-P1
2023-02-19 21:24:55.821289;601;"LOOKUP RECEIVED";P2-P4
2023-02-19 21:24:57.137466;602;"LOOKUP RECEIVED";P2-P3
2023-02-19 21:24:58.634559;604;"LOOKUP SENT";P3-P2
2023-02-19 21:24:58.636162;604;"LOOKUP SENT";P3-P4
2023-02-19 21:24:58.637262;604;"LOOKUP SENT";P3-P1
2023-02-19 21:24:58.839117;604;"LOOKUP RECEIVED";P3-P4
2023-02-19 21:24:59.228780;604;"LOOKUP RECEIVED";P3-P1
2023-02-19 21:24:59.282346;604;"LOOKUP RECEIVED";P3-P2
2023-02-19 21:24:59.375939;605;"LOOKUP SENT";P1-P4
2023-02-19 21:24:59.380611;605;"LOOKUP SENT";P1-P2
2023-02-19 21:24:59.385285;605;"LOOKUP SENT";P1-P3
2023-02-19 21:24:59.420136;605;"LOOKUP RECEIVED";P1-P3
2023-02-19 21:24:59.470520;605;"LOOKUP RECEIVED";P1-P2
2023-02-19 21:24:59.567539;605;"LOOKUP RECEIVED";P1-P4
2023-02-19 21:25:00.714980;606;"LOOKUP SENT";P2-P4
2023-02-19 21:25:00.716391;606;"LOOKUP SENT";P2-P3
2023-02-19 21:25:00.717783;606;"LOOKUP SENT";P2-P1
2023-02-19 21:25:00.776706;606;"LOOKUP RECEIVED";P2-P1
2023-02-19 21:25:00.828525;606;"LOOKUP RECEIVED";P2-P4
2023-02-19 21:25:01.692038;607;"LOOKUP RECEIVED";P2-P3
2023-02-19 21:25:04.391792;610;"LOOKUP SENT";P1-P4
2023-02-19 21:25:04.393651;610;"LOOKUP SENT";P1-P2
2023-02-19 21:25:04.394133;610;"LOOKUP SENT";P1-P3
2023-02-19 21:25:04.548260;610;"LOOKUP RECEIVED";P1-P2
